/*
Navicat MySQL Data Transfer

Source Server         : 127.0.0.1
Source Server Version : 50540
Source Host           : 127.0.0.1:3306
Source Database       : jackson

Target Server Type    : MYSQL
Target Server Version : 50540
File Encoding         : 65001

Date: 2019-10-16 19:02:11
*/

SET FOREIGN_KEY_CHECKS=0;

-- ----------------------------
-- Table structure for dept
-- ----------------------------
DROP TABLE IF EXISTS `dept`;
CREATE TABLE `dept` (
  `id` bigint(20) NOT NULL AUTO_INCREMENT COMMENT 'ID',
  `name` varchar(255) NOT NULL COMMENT '名称',
  `pid` bigint(20) NOT NULL COMMENT '上级部门',
  `create_time` datetime DEFAULT NULL,
  `enabled` bit(1) NOT NULL,
  PRIMARY KEY (`id`)
) ENGINE=InnoDB AUTO_INCREMENT=23 DEFAULT CHARSET=utf8;

-- ----------------------------
-- Records of dept
-- ----------------------------
INSERT INTO `dept` VALUES ('1', 'jaskson-dmin', '0', '2019-03-25 09:14:05', '');
INSERT INTO `dept` VALUES ('2', '研发部', '7', '2019-03-25 09:15:32', '');
INSERT INTO `dept` VALUES ('5', '运维部', '7', '2019-03-25 09:20:44', '');
INSERT INTO `dept` VALUES ('6', '测试部', '8', '2019-03-25 09:52:18', '');
INSERT INTO `dept` VALUES ('7', '华南分部', '1', '2019-03-25 11:04:50', '');
INSERT INTO `dept` VALUES ('8', '华北分部', '1', '2019-03-25 11:04:53', '');
INSERT INTO `dept` VALUES ('9', '财务部', '7', '2019-03-25 11:05:34', '');
INSERT INTO `dept` VALUES ('10', '行政部', '8', '2019-03-25 11:05:58', '');
INSERT INTO `dept` VALUES ('11', '人事部', '8', '2019-03-25 11:07:58', '');
INSERT INTO `dept` VALUES ('12', '市场部', '7', '2019-03-25 11:10:24', '\0');
INSERT INTO `dept` VALUES ('15', '技术部', '8', '2019-10-12 17:17:54', '');
INSERT INTO `dept` VALUES ('16', '新康博思', '1', '2019-10-15 17:58:31', '');
INSERT INTO `dept` VALUES ('17', '技术部', '16', '2019-10-15 17:58:40', '');
INSERT INTO `dept` VALUES ('18', '财务部', '16', '2019-10-15 17:59:29', '');
INSERT INTO `dept` VALUES ('19', '产品部', '16', '2019-10-15 17:59:42', '');

-- ----------------------------
-- Table structure for dict
-- ----------------------------
DROP TABLE IF EXISTS `dict`;
CREATE TABLE `dict` (
  `id` bigint(11) NOT NULL AUTO_INCREMENT,
  `name` varchar(255) NOT NULL COMMENT '字典名称',
  `remark` varchar(255) DEFAULT NULL COMMENT '描述',
  PRIMARY KEY (`id`)
) ENGINE=InnoDB AUTO_INCREMENT=7 DEFAULT CHARSET=utf8;

-- ----------------------------
-- Records of dict
-- ----------------------------
INSERT INTO `dict` VALUES ('1', 'user_status', '用户状态');
INSERT INTO `dict` VALUES ('4', 'dept_status', '部门状态');
INSERT INTO `dict` VALUES ('5', 'job_status', '岗位状态');

-- ----------------------------
-- Table structure for dict_detail
-- ----------------------------
DROP TABLE IF EXISTS `dict_detail`;
CREATE TABLE `dict_detail` (
  `id` bigint(11) NOT NULL AUTO_INCREMENT,
  `label` varchar(255) NOT NULL COMMENT '字典标签',
  `value` varchar(255) NOT NULL COMMENT '字典值',
  `sort` varchar(255) DEFAULT NULL COMMENT '排序',
  `dict_id` bigint(11) DEFAULT NULL COMMENT '字典id',
  PRIMARY KEY (`id`),
  KEY `FK5tpkputc6d9nboxojdbgnpmyb` (`dict_id`) USING BTREE,
  CONSTRAINT `dict_detail_ibfk_1` FOREIGN KEY (`dict_id`) REFERENCES `dict` (`id`)
) ENGINE=InnoDB AUTO_INCREMENT=17 DEFAULT CHARSET=utf8;

-- ----------------------------
-- Records of dict_detail
-- ----------------------------
INSERT INTO `dict_detail` VALUES ('1', '激活', 'true', '1', '1');
INSERT INTO `dict_detail` VALUES ('2', '锁定', 'false', '2', '1');
INSERT INTO `dict_detail` VALUES ('11', '正常', 'true', '1', '4');
INSERT INTO `dict_detail` VALUES ('12', '停用', 'false', '2', '4');
INSERT INTO `dict_detail` VALUES ('13', '正常', 'true', '1', '5');
INSERT INTO `dict_detail` VALUES ('14', '停用', 'false', '2', '5');

-- ----------------------------
-- Table structure for job
-- ----------------------------
DROP TABLE IF EXISTS `job`;
CREATE TABLE `job` (
  `id` bigint(20) NOT NULL AUTO_INCREMENT,
  `name` varchar(255) NOT NULL,
  `enabled` bit(1) NOT NULL,
  `create_time` datetime DEFAULT NULL,
  `sort` bigint(20) NOT NULL,
  `dept_id` bigint(20) DEFAULT NULL,
  PRIMARY KEY (`id`),
  KEY `FKmvhj0rogastlctflsxf1d6k3i` (`dept_id`) USING BTREE,
  CONSTRAINT `job_ibfk_1` FOREIGN KEY (`dept_id`) REFERENCES `dept` (`id`)
) ENGINE=InnoDB AUTO_INCREMENT=22 DEFAULT CHARSET=utf8;

-- ----------------------------
-- Records of job
-- ----------------------------
INSERT INTO `job` VALUES ('2', '董事长秘书', '', '2019-03-29 14:01:30', '2', '1');
INSERT INTO `job` VALUES ('8', '人事专员', '', '2019-03-29 14:52:28', '3', '11');
INSERT INTO `job` VALUES ('10', '产品经理', '\0', '2019-03-29 14:55:51', '4', '2');
INSERT INTO `job` VALUES ('11', '全栈开发', '', '2019-03-31 13:39:30', '6', '2');
INSERT INTO `job` VALUES ('12', '软件测试', '', '2019-03-31 13:39:43', '5', '2');
INSERT INTO `job` VALUES ('19', '董事长', '', '2019-03-31 14:58:15', '1', '1');
INSERT INTO `job` VALUES ('21', '森专员', '', '2019-10-15 18:03:39', '999', '18');

-- ----------------------------
-- Table structure for log
-- ----------------------------
DROP TABLE IF EXISTS `log`;
CREATE TABLE `log` (
  `id` bigint(20) NOT NULL AUTO_INCREMENT,
  `create_time` datetime DEFAULT NULL,
  `description` varchar(255) DEFAULT NULL,
  `exception_detail` text,
  `log_type` varchar(255) DEFAULT NULL,
  `method` varchar(255) DEFAULT NULL,
  `params` text,
  `request_ip` varchar(255) DEFAULT NULL,
  `time` bigint(20) DEFAULT NULL,
  `username` varchar(255) DEFAULT NULL,
  `address` varchar(255) DEFAULT NULL,
  PRIMARY KEY (`id`)
) ENGINE=InnoDB AUTO_INCREMENT=14636 DEFAULT CHARSET=utf8;

-- ----------------------------
-- Records of log
-- ----------------------------
INSERT INTO `log` VALUES ('14351', '2019-10-16 13:50:40', '异常查询', null, 'INFO', 'com.chuansen.controller.LogController.getErrorLogs()', '{criteria:LogQueryCriteria(blurry=null, logType=ERROR)pageable:Page request [number: 0, size 10, sort: id: DESC]}', '127.0.0.1', '79', 'admin', '');
INSERT INTO `log` VALUES ('14352', '2019-10-16 13:50:45', '查询字典详情', null, 'INFO', 'com.chuansen.modules.system.controller.DictDetailController.getDictDetail()', '{criteria:DictDetailQueryCriteria(label=null, dictName=user_status)pageable:Page request [number: 0, size 2000, sort: sort: ASC]}', '127.0.0.1', '14', 'admin', '');
INSERT INTO `log` VALUES ('14353', '2019-10-16 13:50:45', '部门详情', null, 'INFO', 'com.chuansen.modules.system.controller.DeptController.getDepts()', '{criteria:DeptQueryCriteria(ids=[], name=null, enabled=null, pid=null)}', '127.0.0.1', '42', 'admin', '');
INSERT INTO `log` VALUES ('14354', '2019-10-16 13:50:45', '查询用户', null, 'INFO', 'com.chuansen.modules.system.controller.UserController.getUsers()', '{criteria:UserQueryCriteria(id=null, deptIds=[], blurry=null, enabled=null, deptId=null)pageable:Page request [number: 0, size 10, sort: id: DESC]}', '127.0.0.1', '87', 'admin', '');
INSERT INTO `log` VALUES ('14355', '2019-10-16 13:50:47', '部门详情', null, 'INFO', 'com.chuansen.modules.system.controller.DeptController.getDepts()', '{criteria:DeptQueryCriteria(ids=[], name=null, enabled=true, pid=null)}', '127.0.0.1', '43', 'admin', '');
INSERT INTO `log` VALUES ('14356', '2019-10-16 13:50:47', '获取当前角色级别', null, 'INFO', 'com.chuansen.modules.system.controller.RoleController.getLevel()', '{}', '127.0.0.1', '9', 'admin', '');
INSERT INTO `log` VALUES ('14357', '2019-10-16 13:50:47', '获取所有的角色，新增用户时下拉选择', null, 'INFO', 'com.chuansen.modules.system.controller.RoleController.getAll()', '{pageable:Page request [number: 0, size 2000, sort: level: ASC]}', '127.0.0.1', '80', 'admin', '');
INSERT INTO `log` VALUES ('14358', '2019-10-16 13:51:11', '查询岗位', null, 'INFO', 'com.chuansen.modules.system.controller.JobController.getJobs()', '{criteria:JobQueryCriteria(name=null, enabled=null, deptId=18, deptIds=[])pageable:Page request [number: 0, size 2000, sort: UNSORTED]}', '127.0.0.1', '35', 'admin', '');
INSERT INTO `log` VALUES ('14359', '2019-10-16 13:51:18', '查询用户', null, 'INFO', 'com.chuansen.modules.system.controller.UserController.getUsers()', '{criteria:UserQueryCriteria(id=null, deptIds=[], blurry=null, enabled=null, deptId=null)pageable:Page request [number: 0, size 10, sort: id: DESC]}', '127.0.0.1', '48', 'admin', '');
INSERT INTO `log` VALUES ('14360', '2019-10-16 13:51:25', '查询用户', null, 'INFO', 'com.chuansen.modules.system.controller.UserController.getUsers()', '{criteria:UserQueryCriteria(id=null, deptIds=[18], blurry=null, enabled=null, deptId=18)pageable:Page request [number: 0, size 10, sort: id: DESC]}', '127.0.0.1', '90', 'admin', '');
INSERT INTO `log` VALUES ('14361', '2019-10-16 13:51:28', '查询用户', null, 'INFO', 'com.chuansen.modules.system.controller.UserController.getUsers()', '{criteria:UserQueryCriteria(id=null, deptIds=[16, 17, 18, 19], blurry=null, enabled=null, deptId=16)pageable:Page request [number: 0, size 10, sort: id: DESC]}', '127.0.0.1', '57', 'admin', '');
INSERT INTO `log` VALUES ('14362', '2019-10-16 13:51:44', '获取当前角色级别', null, 'INFO', 'com.chuansen.modules.system.controller.RoleController.getLevel()', '{}', '127.0.0.1', '2', 'admin', '');
INSERT INTO `log` VALUES ('14363', '2019-10-16 13:51:44', '获取所有的角色，新增用户时下拉选择', null, 'INFO', 'com.chuansen.modules.system.controller.RoleController.getAll()', '{pageable:Page request [number: 0, size 2000, sort: level: ASC]}', '127.0.0.1', '33', 'admin', '');
INSERT INTO `log` VALUES ('14364', '2019-10-16 13:51:44', '部门详情', null, 'INFO', 'com.chuansen.modules.system.controller.DeptController.getDepts()', '{criteria:DeptQueryCriteria(ids=[], name=null, enabled=true, pid=null)}', '127.0.0.1', '49', 'admin', '');
INSERT INTO `log` VALUES ('14365', '2019-10-16 13:52:05', '查询岗位', null, 'INFO', 'com.chuansen.modules.system.controller.JobController.getJobs()', '{criteria:JobQueryCriteria(name=null, enabled=null, deptId=18, deptIds=[])pageable:Page request [number: 0, size 2000, sort: UNSORTED]}', '127.0.0.1', '16', 'admin', '');
INSERT INTO `log` VALUES ('14366', '2019-10-16 13:52:13', '查询用户', null, 'INFO', 'com.chuansen.modules.system.controller.UserController.getUsers()', '{criteria:UserQueryCriteria(id=null, deptIds=[16, 17, 18, 19], blurry=null, enabled=null, deptId=16)pageable:Page request [number: 0, size 10, sort: id: DESC]}', '127.0.0.1', '32', 'admin', '');
INSERT INTO `log` VALUES ('14367', '2019-10-16 13:57:41', '部门详情', null, 'INFO', 'com.chuansen.modules.system.controller.DeptController.getDepts()', '{criteria:DeptQueryCriteria(ids=[], name=null, enabled=null, pid=null)}', '127.0.0.1', '216', 'admin', '');
INSERT INTO `log` VALUES ('14368', '2019-10-16 13:57:41', '查询字典详情', null, 'INFO', 'com.chuansen.modules.system.controller.DictDetailController.getDictDetail()', '{criteria:DictDetailQueryCriteria(label=null, dictName=user_status)pageable:Page request [number: 0, size 2000, sort: sort: ASC]}', '127.0.0.1', '16', 'admin', '');
INSERT INTO `log` VALUES ('14369', '2019-10-16 13:57:41', '查询用户', null, 'INFO', 'com.chuansen.modules.system.controller.UserController.getUsers()', '{criteria:UserQueryCriteria(id=null, deptIds=[], blurry=null, enabled=null, deptId=null)pageable:Page request [number: 0, size 10, sort: id: DESC]}', '127.0.0.1', '98', 'admin', '');
INSERT INTO `log` VALUES ('14370', '2019-10-16 13:57:45', '获取当前角色级别', null, 'INFO', 'com.chuansen.modules.system.controller.RoleController.getLevel()', '{}', '127.0.0.1', '12', 'admin', '');
INSERT INTO `log` VALUES ('14371', '2019-10-16 13:57:45', '部门详情', null, 'INFO', 'com.chuansen.modules.system.controller.DeptController.getDepts()', '{criteria:DeptQueryCriteria(ids=[], name=null, enabled=true, pid=null)}', '127.0.0.1', '36', 'admin', '');
INSERT INTO `log` VALUES ('14372', '2019-10-16 13:57:45', '获取所有的角色，新增用户时下拉选择', null, 'INFO', 'com.chuansen.modules.system.controller.RoleController.getAll()', '{pageable:Page request [number: 0, size 2000, sort: level: ASC]}', '127.0.0.1', '169', 'admin', '');
INSERT INTO `log` VALUES ('14373', '2019-10-16 13:58:07', '查询岗位', null, 'INFO', 'com.chuansen.modules.system.controller.JobController.getJobs()', '{criteria:JobQueryCriteria(name=null, enabled=null, deptId=18, deptIds=[])pageable:Page request [number: 0, size 2000, sort: UNSORTED]}', '127.0.0.1', '33', 'admin', '');
INSERT INTO `log` VALUES ('14374', '2019-10-16 13:58:27', '查询用户', null, 'INFO', 'com.chuansen.modules.system.controller.UserController.getUsers()', '{criteria:UserQueryCriteria(id=null, deptIds=[], blurry=null, enabled=null, deptId=null)pageable:Page request [number: 0, size 10, sort: id: DESC]}', '127.0.0.1', '37', 'admin', '');
INSERT INTO `log` VALUES ('14375', '2019-10-16 14:03:49', '获取所有的角色，新增用户时下拉选择', null, 'INFO', 'com.chuansen.modules.system.controller.RoleController.getAll()', '{pageable:Page request [number: 0, size 2000, sort: level: ASC]}', '127.0.0.1', '6667', 'admin', '');
INSERT INTO `log` VALUES ('14376', '2019-10-16 14:03:49', '获取当前角色级别', null, 'INFO', 'com.chuansen.modules.system.controller.RoleController.getLevel()', '{}', '127.0.0.1', '5', 'admin', '');
INSERT INTO `log` VALUES ('14377', '2019-10-16 14:03:50', '部门详情', null, 'INFO', 'com.chuansen.modules.system.controller.DeptController.getDepts()', '{criteria:DeptQueryCriteria(ids=[], name=null, enabled=true, pid=null)}', '127.0.0.1', '26378', 'admin', '');
INSERT INTO `log` VALUES ('14378', '2019-10-16 14:04:07', '部门详情', null, 'INFO', 'com.chuansen.modules.system.controller.DeptController.getDepts()', '{criteria:DeptQueryCriteria(ids=[], name=null, enabled=true, pid=null)}', '127.0.0.1', '5728', 'admin', '');
INSERT INTO `log` VALUES ('14379', '2019-10-16 14:04:07', '获取所有的角色，新增用户时下拉选择', null, 'INFO', 'com.chuansen.modules.system.controller.RoleController.getAll()', '{pageable:Page request [number: 0, size 2000, sort: level: ASC]}', '127.0.0.1', '5740', 'admin', '');
INSERT INTO `log` VALUES ('14380', '2019-10-16 14:04:10', '获取当前角色级别', null, 'INFO', 'com.chuansen.modules.system.controller.RoleController.getLevel()', '{}', '127.0.0.1', '3', 'admin', '');
INSERT INTO `log` VALUES ('14381', '2019-10-16 14:10:45', '查询部门', null, 'INFO', 'me.zhengjie.modules.system.rest.DeptController.getDepts()', '{ criteria: DeptQueryCriteria(ids=[], name=null, enabled=null, pid=null) }', '127.0.0.1', '5968', 'admin', '内网IP');
INSERT INTO `log` VALUES ('14382', '2019-10-16 14:10:45', '查询用户', null, 'INFO', 'me.zhengjie.modules.system.rest.UserController.getUsers()', '{ criteria: UserQueryCriteria(id=null, deptIds=[], blurry=null, enabled=null, deptId=null) pageable: Page request [number: 0, size 10, sort: id: DESC] }', '127.0.0.1', '5901', 'admin', '内网IP');
INSERT INTO `log` VALUES ('14383', '2019-10-16 14:10:45', '查询字典详情', null, 'INFO', 'me.zhengjie.modules.system.rest.DictDetailController.getDictDetails()', '{ criteria: DictDetailQueryCriteria(label=null, dictName=user_status) pageable: Page request [number: 0, size 2000, sort: sort: ASC] }', '127.0.0.1', '214', 'admin', '内网IP');
INSERT INTO `log` VALUES ('14384', '2019-10-16 14:11:20', '查询用户', null, 'INFO', 'me.zhengjie.modules.system.rest.UserController.getUsers()', '{ criteria: UserQueryCriteria(id=null, deptIds=[], blurry=null, enabled=null, deptId=null) pageable: Page request [number: 0, size 10, sort: id: DESC] }', '127.0.0.1', '11', 'admin', '内网IP');
INSERT INTO `log` VALUES ('14385', '2019-10-16 14:11:22', '查询字典详情', null, 'INFO', 'me.zhengjie.modules.system.rest.DictDetailController.getDictDetails()', '{ criteria: DictDetailQueryCriteria(label=null, dictName=user_status) pageable: Page request [number: 0, size 2000, sort: sort: ASC] }', '127.0.0.1', '15136', 'admin', '内网IP');
INSERT INTO `log` VALUES ('14386', '2019-10-16 14:11:22', '查询部门', null, 'INFO', 'me.zhengjie.modules.system.rest.DeptController.getDepts()', '{ criteria: DeptQueryCriteria(ids=[], name=null, enabled=null, pid=null) }', '127.0.0.1', '16696', 'admin', '内网IP');
INSERT INTO `log` VALUES ('14387', '2019-10-16 14:15:52', '部门详情', null, 'INFO', 'com.chuansen.modules.system.controller.DeptController.getDepts()', '{criteria:DeptQueryCriteria(ids=[], name=null, enabled=null, pid=null)}', '127.0.0.1', '189', 'admin', '');
INSERT INTO `log` VALUES ('14388', '2019-10-16 14:15:55', '查询字典详情', null, 'INFO', 'com.chuansen.modules.system.controller.DictDetailController.getDictDetail()', '{criteria:DictDetailQueryCriteria(label=null, dictName=user_status)pageable:Page request [number: 0, size 2000, sort: sort: ASC]}', '127.0.0.1', '70', 'admin', '');
INSERT INTO `log` VALUES ('14389', '2019-10-16 14:15:57', '查询用户', null, 'INFO', 'com.chuansen.modules.system.controller.UserController.getUsers()', '{criteria:UserQueryCriteria(id=null, deptIds=[], blurry=null, enabled=null, deptId=null)pageable:Page request [number: 0, size 10, sort: id: DESC]}', '127.0.0.1', '2645', 'admin', '');
INSERT INTO `log` VALUES ('14390', '2019-10-16 14:22:08', '获取当前角色级别', null, 'INFO', 'com.chuansen.modules.system.controller.RoleController.getLevel()', '{}', '127.0.0.1', '79', 'admin', '内网IP');
INSERT INTO `log` VALUES ('14391', '2019-10-16 14:22:08', '部门详情', null, 'INFO', 'com.chuansen.modules.system.controller.DeptController.getDepts()', '{criteria:DeptQueryCriteria(ids=[], name=null, enabled=true, pid=null)}', '127.0.0.1', '3384', 'admin', '内网IP');
INSERT INTO `log` VALUES ('14392', '2019-10-16 14:22:15', '获取所有的角色，新增用户时下拉选择', null, 'INFO', 'com.chuansen.modules.system.controller.RoleController.getAll()', '{pageable:Page request [number: 0, size 2000, sort: level: ASC]}', '127.0.0.1', '78', 'admin', '内网IP');
INSERT INTO `log` VALUES ('14393', '2019-10-16 14:23:10', '查询岗位', null, 'INFO', 'com.chuansen.modules.system.controller.JobController.getJobs()', '{criteria:JobQueryCriteria(name=null, enabled=null, deptId=18, deptIds=[])pageable:Page request [number: 0, size 2000, sort: UNSORTED]}', '127.0.0.1', '55', 'admin', '内网IP');
INSERT INTO `log` VALUES ('14394', '2019-10-16 14:23:10', '查询岗位', null, 'INFO', 'com.chuansen.modules.system.controller.JobController.getJobs()', '{criteria:JobQueryCriteria(name=null, enabled=null, deptId=18, deptIds=[])pageable:Page request [number: 0, size 2000, sort: UNSORTED]}', '127.0.0.1', '31', 'admin', '内网IP');
INSERT INTO `log` VALUES ('14395', '2019-10-16 14:23:10', '查询岗位', null, 'INFO', 'com.chuansen.modules.system.controller.JobController.getJobs()', '{criteria:JobQueryCriteria(name=null, enabled=null, deptId=16, deptIds=[])pageable:Page request [number: 0, size 2000, sort: UNSORTED]}', '127.0.0.1', '29', 'admin', '内网IP');
INSERT INTO `log` VALUES ('14396', '2019-10-16 14:23:18', '查询岗位', null, 'INFO', 'com.chuansen.modules.system.controller.JobController.getJobs()', '{criteria:JobQueryCriteria(name=null, enabled=null, deptId=18, deptIds=[])pageable:Page request [number: 0, size 2000, sort: UNSORTED]}', '127.0.0.1', '43', 'admin', '内网IP');
INSERT INTO `log` VALUES ('14397', '2019-10-16 14:23:23', '查询用户', null, 'INFO', 'com.chuansen.modules.system.controller.UserController.getUsers()', '{criteria:UserQueryCriteria(id=null, deptIds=[], blurry=null, enabled=null, deptId=null)pageable:Page request [number: 0, size 10, sort: id: DESC]}', '127.0.0.1', '50', 'admin', '内网IP');
INSERT INTO `log` VALUES ('14398', '2019-10-16 14:23:59', '异常查询', null, 'INFO', 'com.chuansen.controller.LogController.getErrorLogs()', '{criteria:LogQueryCriteria(blurry=null, logType=ERROR)pageable:Page request [number: 0, size 10, sort: id: DESC]}', '127.0.0.1', '12', 'admin', '内网IP');
INSERT INTO `log` VALUES ('14399', '2019-10-16 14:24:01', '日志查询', null, 'INFO', 'com.chuansen.controller.LogController.getLogs()', '{criteria:LogQueryCriteria(blurry=null, logType=Info)pageable:Page request [number: 0, size 10, sort: id: DESC]}', '127.0.0.1', '89', 'admin', '内网IP');
INSERT INTO `log` VALUES ('14400', '2019-10-16 14:24:17', '日志查询', null, 'INFO', 'com.chuansen.controller.LogController.getLogs()', '{criteria:LogQueryCriteria(blurry=null, logType=Info)pageable:Page request [number: 4, size 10, sort: id: DESC]}', '127.0.0.1', '7', 'admin', '内网IP');
INSERT INTO `log` VALUES ('14401', '2019-10-16 14:24:20', '日志查询', null, 'INFO', 'com.chuansen.controller.LogController.getLogs()', '{criteria:LogQueryCriteria(blurry=null, logType=Info)pageable:Page request [number: 1, size 10, sort: id: DESC]}', '127.0.0.1', '5', 'admin', '内网IP');
INSERT INTO `log` VALUES ('14402', '2019-10-16 14:24:27', '日志查询', null, 'INFO', 'com.chuansen.controller.LogController.getLogs()', '{criteria:LogQueryCriteria(blurry=null, logType=Info)pageable:Page request [number: 0, size 10, sort: id: DESC]}', '127.0.0.1', '10', 'admin', '内网IP');
INSERT INTO `log` VALUES ('14403', '2019-10-16 14:24:48', '部门详情', null, 'INFO', 'com.chuansen.modules.system.controller.DeptController.getDepts()', '{criteria:DeptQueryCriteria(ids=[], name=null, enabled=null, pid=null)}', '127.0.0.1', '37', 'admin', '内网IP');
INSERT INTO `log` VALUES ('14404', '2019-10-16 14:24:48', '查询字典详情', null, 'INFO', 'com.chuansen.modules.system.controller.DictDetailController.getDictDetail()', '{criteria:DictDetailQueryCriteria(label=null, dictName=user_status)pageable:Page request [number: 0, size 2000, sort: sort: ASC]}', '127.0.0.1', '20', 'admin', '内网IP');
INSERT INTO `log` VALUES ('14405', '2019-10-16 14:24:49', '查询用户', null, 'INFO', 'com.chuansen.modules.system.controller.UserController.getUsers()', '{criteria:UserQueryCriteria(id=null, deptIds=[], blurry=null, enabled=null, deptId=null)pageable:Page request [number: 0, size 10, sort: id: DESC]}', '127.0.0.1', '47', 'admin', '内网IP');
INSERT INTO `log` VALUES ('14406', '2019-10-16 14:24:53', '获取当前角色级别', null, 'INFO', 'com.chuansen.modules.system.controller.RoleController.getLevel()', '{}', '127.0.0.1', '3', 'admin', '内网IP');
INSERT INTO `log` VALUES ('14407', '2019-10-16 14:24:53', '获取所有的角色，新增用户时下拉选择', null, 'INFO', 'com.chuansen.modules.system.controller.RoleController.getAll()', '{pageable:Page request [number: 0, size 2000, sort: level: ASC]}', '127.0.0.1', '17', 'admin', '内网IP');
INSERT INTO `log` VALUES ('14408', '2019-10-16 14:24:53', '部门详情', null, 'INFO', 'com.chuansen.modules.system.controller.DeptController.getDepts()', '{criteria:DeptQueryCriteria(ids=[], name=null, enabled=true, pid=null)}', '127.0.0.1', '63', 'admin', '内网IP');
INSERT INTO `log` VALUES ('14409', '2019-10-16 14:25:22', '查询岗位', null, 'INFO', 'com.chuansen.modules.system.controller.JobController.getJobs()', '{criteria:JobQueryCriteria(name=null, enabled=null, deptId=18, deptIds=[])pageable:Page request [number: 0, size 2000, sort: UNSORTED]}', '127.0.0.1', '14', 'admin', '内网IP');
INSERT INTO `log` VALUES ('14410', '2019-10-16 14:25:43', '查询用户', null, 'INFO', 'com.chuansen.modules.system.controller.UserController.getUsers()', '{criteria:UserQueryCriteria(id=null, deptIds=[], blurry=null, enabled=null, deptId=null)pageable:Page request [number: 0, size 10, sort: id: DESC]}', '127.0.0.1', '32', 'admin', '内网IP');
INSERT INTO `log` VALUES ('14411', '2019-10-16 14:26:05', '查询字典详情', null, 'INFO', 'com.chuansen.modules.system.controller.DictDetailController.getDictDetail()', '{criteria:DictDetailQueryCriteria(label=null, dictName=dept_status)pageable:Page request [number: 0, size 2000, sort: sort: ASC]}', '127.0.0.1', '9', 'admin', '内网IP');
INSERT INTO `log` VALUES ('14412', '2019-10-16 14:26:05', '部门详情', null, 'INFO', 'com.chuansen.modules.system.controller.DeptController.getDepts()', '{criteria:DeptQueryCriteria(ids=[], name=null, enabled=null, pid=null)}', '127.0.0.1', '32', 'admin', '内网IP');
INSERT INTO `log` VALUES ('14413', '2019-10-16 14:26:08', '部门详情', null, 'INFO', 'com.chuansen.modules.system.controller.DeptController.getDepts()', '{criteria:DeptQueryCriteria(ids=[], name=null, enabled=true, pid=null)}', '127.0.0.1', '25', 'admin', '内网IP');
INSERT INTO `log` VALUES ('14414', '2019-10-16 14:26:13', '新增部门', null, 'INFO', 'com.chuansen.modules.system.controller.DeptController.save()', '{dept:Dept(id=20, name=111, enabled=true, pid=1, roles=null, createTime=2019-10-16 14:26:13.869)}', '127.0.0.1', '61', 'admin', '内网IP');
INSERT INTO `log` VALUES ('14415', '2019-10-16 14:26:14', '部门详情', null, 'INFO', 'com.chuansen.modules.system.controller.DeptController.getDepts()', '{criteria:DeptQueryCriteria(ids=[], name=null, enabled=null, pid=null)}', '127.0.0.1', '54', 'admin', '内网IP');
INSERT INTO `log` VALUES ('14416', '2019-10-16 14:26:17', '部门详情', null, 'INFO', 'com.chuansen.modules.system.controller.DeptController.getDepts()', '{criteria:DeptQueryCriteria(ids=[], name=null, enabled=true, pid=null)}', '127.0.0.1', '24', 'admin', '内网IP');
INSERT INTO `log` VALUES ('14417', '2019-10-16 14:26:20', '新增部门', null, 'INFO', 'com.chuansen.modules.system.controller.DeptController.save()', '{dept:Dept(id=21, name=111, enabled=true, pid=1, roles=null, createTime=2019-10-16 14:26:20.628)}', '127.0.0.1', '6', 'admin', '内网IP');
INSERT INTO `log` VALUES ('14418', '2019-10-16 14:26:20', '部门详情', null, 'INFO', 'com.chuansen.modules.system.controller.DeptController.getDepts()', '{criteria:DeptQueryCriteria(ids=[], name=null, enabled=null, pid=null)}', '127.0.0.1', '40', 'admin', '内网IP');
INSERT INTO `log` VALUES ('14419', '2019-10-16 14:26:24', '部门详情', null, 'INFO', 'com.chuansen.modules.system.controller.DeptController.getDepts()', '{criteria:DeptQueryCriteria(ids=[], name=null, enabled=true, pid=null)}', '127.0.0.1', '44', 'admin', '内网IP');
INSERT INTO `log` VALUES ('14420', '2019-10-16 14:26:27', '新增部门', null, 'INFO', 'com.chuansen.modules.system.controller.DeptController.save()', '{dept:Dept(id=22, name=111, enabled=true, pid=1, roles=null, createTime=2019-10-16 14:26:27.968)}', '127.0.0.1', '20', 'admin', '内网IP');
INSERT INTO `log` VALUES ('14421', '2019-10-16 14:26:28', '部门详情', null, 'INFO', 'com.chuansen.modules.system.controller.DeptController.getDepts()', '{criteria:DeptQueryCriteria(ids=[], name=null, enabled=null, pid=null)}', '127.0.0.1', '28', 'admin', '内网IP');
INSERT INTO `log` VALUES ('14422', '2019-10-16 14:26:33', '删除部门', null, 'INFO', 'com.chuansen.modules.system.controller.DeptController.delete()', '{id:22}', '127.0.0.1', '72', 'admin', '内网IP');
INSERT INTO `log` VALUES ('14423', '2019-10-16 14:26:33', '部门详情', null, 'INFO', 'com.chuansen.modules.system.controller.DeptController.getDepts()', '{criteria:DeptQueryCriteria(ids=[], name=null, enabled=null, pid=null)}', '127.0.0.1', '42', 'admin', '内网IP');
INSERT INTO `log` VALUES ('14424', '2019-10-16 14:26:35', '删除部门', null, 'INFO', 'com.chuansen.modules.system.controller.DeptController.delete()', '{id:21}', '127.0.0.1', '25', 'admin', '内网IP');
INSERT INTO `log` VALUES ('14425', '2019-10-16 14:26:35', '部门详情', null, 'INFO', 'com.chuansen.modules.system.controller.DeptController.getDepts()', '{criteria:DeptQueryCriteria(ids=[], name=null, enabled=null, pid=null)}', '127.0.0.1', '50', 'admin', '内网IP');
INSERT INTO `log` VALUES ('14426', '2019-10-16 14:27:28', '删除部门', null, 'INFO', 'com.chuansen.modules.system.controller.DeptController.delete()', '{id:20}', '127.0.0.1', '12', 'admin', '内网IP');
INSERT INTO `log` VALUES ('14427', '2019-10-16 14:27:29', '部门详情', null, 'INFO', 'com.chuansen.modules.system.controller.DeptController.getDepts()', '{criteria:DeptQueryCriteria(ids=[], name=null, enabled=null, pid=null)}', '127.0.0.1', '38', 'admin', '内网IP');
INSERT INTO `log` VALUES ('14428', '2019-10-16 14:27:32', '部门详情', null, 'INFO', 'com.chuansen.modules.system.controller.DeptController.getDepts()', '{criteria:DeptQueryCriteria(ids=[], name=null, enabled=null, pid=null)}', '127.0.0.1', '31', 'admin', '内网IP');
INSERT INTO `log` VALUES ('14429', '2019-10-16 14:27:32', '查询字典详情', null, 'INFO', 'com.chuansen.modules.system.controller.DictDetailController.getDictDetail()', '{criteria:DictDetailQueryCriteria(label=null, dictName=user_status)pageable:Page request [number: 0, size 2000, sort: sort: ASC]}', '127.0.0.1', '5', 'admin', '内网IP');
INSERT INTO `log` VALUES ('14430', '2019-10-16 14:27:32', '查询用户', null, 'INFO', 'com.chuansen.modules.system.controller.UserController.getUsers()', '{criteria:UserQueryCriteria(id=null, deptIds=[], blurry=null, enabled=null, deptId=null)pageable:Page request [number: 0, size 10, sort: id: DESC]}', '127.0.0.1', '31', 'admin', '内网IP');
INSERT INTO `log` VALUES ('14431', '2019-10-16 14:28:02', '获取当前角色级别', null, 'INFO', 'com.chuansen.modules.system.controller.RoleController.getLevel()', '{}', '127.0.0.1', '3', 'admin', '内网IP');
INSERT INTO `log` VALUES ('14432', '2019-10-16 14:28:02', '获取所有的角色，新增用户时下拉选择', null, 'INFO', 'com.chuansen.modules.system.controller.RoleController.getAll()', '{pageable:Page request [number: 0, size 2000, sort: level: ASC]}', '127.0.0.1', '49', 'admin', '内网IP');
INSERT INTO `log` VALUES ('14433', '2019-10-16 14:28:02', '部门详情', null, 'INFO', 'com.chuansen.modules.system.controller.DeptController.getDepts()', '{criteria:DeptQueryCriteria(ids=[], name=null, enabled=true, pid=null)}', '127.0.0.1', '56', 'admin', '内网IP');
INSERT INTO `log` VALUES ('14434', '2019-10-16 14:28:32', '查询岗位', null, 'INFO', 'com.chuansen.modules.system.controller.JobController.getJobs()', '{criteria:JobQueryCriteria(name=null, enabled=null, deptId=18, deptIds=[])pageable:Page request [number: 0, size 2000, sort: UNSORTED]}', '127.0.0.1', '9', 'admin', '内网IP');
INSERT INTO `log` VALUES ('14435', '2019-10-16 14:28:55', '查询用户', null, 'INFO', 'com.chuansen.modules.system.controller.UserController.getUsers()', '{criteria:UserQueryCriteria(id=null, deptIds=[], blurry=null, enabled=null, deptId=null)pageable:Page request [number: 0, size 10, sort: id: DESC]}', '127.0.0.1', '24', 'admin', '内网IP');
INSERT INTO `log` VALUES ('14436', '2019-10-16 14:29:23', '部门详情', null, 'INFO', 'com.chuansen.modules.system.controller.DeptController.getDepts()', '{criteria:DeptQueryCriteria(ids=[], name=null, enabled=null, pid=null)}', '127.0.0.1', '17', 'admin', '内网IP');
INSERT INTO `log` VALUES ('14437', '2019-10-16 14:29:23', '查询字典详情', null, 'INFO', 'com.chuansen.modules.system.controller.DictDetailController.getDictDetail()', '{criteria:DictDetailQueryCriteria(label=null, dictName=user_status)pageable:Page request [number: 0, size 2000, sort: sort: ASC]}', '127.0.0.1', '3', 'admin', '内网IP');
INSERT INTO `log` VALUES ('14438', '2019-10-16 14:29:23', '查询用户', null, 'INFO', 'com.chuansen.modules.system.controller.UserController.getUsers()', '{criteria:UserQueryCriteria(id=null, deptIds=[], blurry=null, enabled=null, deptId=null)pageable:Page request [number: 0, size 10, sort: id: DESC]}', '127.0.0.1', '15', 'admin', '内网IP');
INSERT INTO `log` VALUES ('14439', '2019-10-16 14:32:32', '查询用户', null, 'INFO', 'com.chuansen.modules.system.controller.UserController.getUsers()', '{criteria:UserQueryCriteria(id=null, deptIds=[], blurry=null, enabled=null, deptId=null)pageable:Page request [number: 0, size 10, sort: id: DESC]}', '127.0.0.1', '51', 'admin', '内网IP');
INSERT INTO `log` VALUES ('14440', '2019-10-16 14:32:32', '查询字典详情', null, 'INFO', 'com.chuansen.modules.system.controller.DictDetailController.getDictDetail()', '{criteria:DictDetailQueryCriteria(label=null, dictName=user_status)pageable:Page request [number: 0, size 2000, sort: sort: ASC]}', '127.0.0.1', '60', 'admin', '内网IP');
INSERT INTO `log` VALUES ('14441', '2019-10-16 14:32:32', '部门详情', null, 'INFO', 'com.chuansen.modules.system.controller.DeptController.getDepts()', '{criteria:DeptQueryCriteria(ids=[], name=null, enabled=null, pid=null)}', '127.0.0.1', '212', 'admin', '内网IP');
INSERT INTO `log` VALUES ('14442', '2019-10-16 14:32:34', '部门详情', null, 'INFO', 'com.chuansen.modules.system.controller.DeptController.getDepts()', '{criteria:DeptQueryCriteria(ids=[], name=null, enabled=true, pid=null)}', '127.0.0.1', '3', 'admin', '内网IP');
INSERT INTO `log` VALUES ('14443', '2019-10-16 14:32:34', '获取当前角色级别', null, 'INFO', 'com.chuansen.modules.system.controller.RoleController.getLevel()', '{}', '127.0.0.1', '8', 'admin', '内网IP');
INSERT INTO `log` VALUES ('14444', '2019-10-16 14:32:34', '获取所有的角色，新增用户时下拉选择', null, 'INFO', 'com.chuansen.modules.system.controller.RoleController.getAll()', '{pageable:Page request [number: 0, size 2000, sort: level: ASC]}', '127.0.0.1', '62', 'admin', '内网IP');
INSERT INTO `log` VALUES ('14445', '2019-10-16 14:33:04', '查询岗位', null, 'INFO', 'com.chuansen.modules.system.controller.JobController.getJobs()', '{criteria:JobQueryCriteria(name=null, enabled=null, deptId=18, deptIds=[])pageable:Page request [number: 0, size 2000, sort: UNSORTED]}', '127.0.0.1', '39', 'admin', '内网IP');
INSERT INTO `log` VALUES ('14446', '2019-10-16 14:33:10', '查询用户', null, 'INFO', 'com.chuansen.modules.system.controller.UserController.getUsers()', '{criteria:UserQueryCriteria(id=null, deptIds=[], blurry=null, enabled=null, deptId=null)pageable:Page request [number: 0, size 10, sort: id: DESC]}', '127.0.0.1', '43', 'admin', '内网IP');
INSERT INTO `log` VALUES ('14447', '2019-10-16 14:35:34', '用户登录', null, 'INFO', 'me.zhengjie.modules.security.rest.AuthenticationController.login()', '{ authorizationUser: {username=admin, password= ******} }', '127.0.0.1', '506', 'admin', '内网IP');
INSERT INTO `log` VALUES ('14448', '2019-10-16 14:35:38', '查询字典详情', null, 'INFO', 'me.zhengjie.modules.system.rest.DictDetailController.getDictDetails()', '{ criteria: DictDetailQueryCriteria(label=null, dictName=user_status) pageable: Page request [number: 0, size 2000, sort: sort: ASC] }', '127.0.0.1', '18', 'admin', '内网IP');
INSERT INTO `log` VALUES ('14449', '2019-10-16 14:35:38', '查询部门', null, 'INFO', 'me.zhengjie.modules.system.rest.DeptController.getDepts()', '{ criteria: DeptQueryCriteria(ids=[], name=null, enabled=null, pid=null) }', '127.0.0.1', '14', 'admin', '内网IP');
INSERT INTO `log` VALUES ('14450', '2019-10-16 14:35:38', '查询用户', null, 'INFO', 'me.zhengjie.modules.system.rest.UserController.getUsers()', '{ criteria: UserQueryCriteria(id=null, deptIds=[], blurry=null, enabled=null, deptId=null) pageable: Page request [number: 0, size 10, sort: id: DESC] }', '127.0.0.1', '44', 'admin', '内网IP');
INSERT INTO `log` VALUES ('14451', '2019-10-16 14:35:40', '查询部门', null, 'INFO', 'me.zhengjie.modules.system.rest.DeptController.getDepts()', '{ criteria: DeptQueryCriteria(ids=[], name=null, enabled=true, pid=null) }', '127.0.0.1', '162', 'admin', '内网IP');
INSERT INTO `log` VALUES ('14452', '2019-10-16 14:36:02', '查询岗位', null, 'INFO', 'me.zhengjie.modules.system.rest.JobController.getJobs()', '{ criteria: JobQueryCriteria(name=null, enabled=null, deptId=18, deptIds=[]) pageable: Page request [number: 0, size 2000, sort: UNSORTED] }', '127.0.0.1', '40', 'admin', '内网IP');
INSERT INTO `log` VALUES ('14453', '2019-10-16 14:36:21', '新增用户', 'me.zhengjie.exception.EntityExistException: User 已存在 {username=占传森}\r\n	at me.zhengjie.modules.system.service.impl.UserServiceImpl.create(UserServiceImpl.java:82)\r\n	at me.zhengjie.modules.system.service.impl.UserServiceImpl$$FastClassBySpringCGLIB$$501bea8b.invoke(<generated>)\r\n	at org.springframework.cglib.proxy.MethodProxy.invoke(MethodProxy.java:218)\r\n	at org.springframework.aop.framework.CglibAopProxy$CglibMethodInvocation.invokeJoinpoint(CglibAopProxy.java:746)\r\n	at org.springframework.aop.framework.ReflectiveMethodInvocation.proceed(ReflectiveMethodInvocation.java:163)\r\n	at org.springframework.transaction.interceptor.TransactionAspectSupport.invokeWithinTransaction(TransactionAspectSupport.java:294)\r\n	at org.springframework.transaction.interceptor.TransactionInterceptor.invoke(TransactionInterceptor.java:98)\r\n	at org.springframework.aop.framework.ReflectiveMethodInvocation.proceed(ReflectiveMethodInvocation.java:186)\r\n	at org.springframework.cache.interceptor.CacheInterceptor.lambda$invoke$0(CacheInterceptor.java:53)\r\n	at org.springframework.cache.interceptor.CacheAspectSupport.invokeOperation(CacheAspectSupport.java:365)\r\n	at org.springframework.cache.interceptor.CacheAspectSupport.execute(CacheAspectSupport.java:420)\r\n	at org.springframework.cache.interceptor.CacheAspectSupport.execute(CacheAspectSupport.java:345)\r\n	at org.springframework.cache.interceptor.CacheInterceptor.invoke(CacheInterceptor.java:61)\r\n	at org.springframework.aop.framework.ReflectiveMethodInvocation.proceed(ReflectiveMethodInvocation.java:186)\r\n	at org.springframework.aop.framework.CglibAopProxy$DynamicAdvisedInterceptor.intercept(CglibAopProxy.java:688)\r\n	at me.zhengjie.modules.system.service.impl.UserServiceImpl$$EnhancerBySpringCGLIB$$b90a0f12.create(<generated>)\r\n	at me.zhengjie.modules.system.rest.UserController.create(UserController.java:108)\r\n	at me.zhengjie.modules.system.rest.UserController$$FastClassBySpringCGLIB$$2bb70b4b.invoke(<generated>)\r\n	at org.springframework.cglib.proxy.MethodProxy.invoke(MethodProxy.java:218)\r\n	at org.springframework.aop.framework.CglibAopProxy$CglibMethodInvocation.invokeJoinpoint(CglibAopProxy.java:746)\r\n	at org.springframework.aop.framework.ReflectiveMethodInvocation.proceed(ReflectiveMethodInvocation.java:163)\r\n	at org.springframework.aop.aspectj.MethodInvocationProceedingJoinPoint.proceed(MethodInvocationProceedingJoinPoint.java:88)\r\n	at me.zhengjie.aspect.LogAspect.logAround(LogAspect.java:53)\r\n	at sun.reflect.NativeMethodAccessorImpl.invoke0(Native Method)\r\n	at sun.reflect.NativeMethodAccessorImpl.invoke(NativeMethodAccessorImpl.java:62)\r\n	at sun.reflect.DelegatingMethodAccessorImpl.invoke(DelegatingMethodAccessorImpl.java:43)\r\n	at java.lang.reflect.Method.invoke(Method.java:498)\r\n	at org.springframework.aop.aspectj.AbstractAspectJAdvice.invokeAdviceMethodWithGivenArgs(AbstractAspectJAdvice.java:644)\r\n	at org.springframework.aop.aspectj.AbstractAspectJAdvice.invokeAdviceMethod(AbstractAspectJAdvice.java:633)\r\n	at org.springframework.aop.aspectj.AspectJAroundAdvice.invoke(AspectJAroundAdvice.java:70)\r\n	at org.springframework.aop.framework.ReflectiveMethodInvocation.proceed(ReflectiveMethodInvocation.java:175)\r\n	at org.springframework.aop.aspectj.AspectJAfterThrowingAdvice.invoke(AspectJAfterThrowingAdvice.java:62)\r\n	at org.springframework.aop.framework.ReflectiveMethodInvocation.proceed(ReflectiveMethodInvocation.java:175)\r\n	at org.springframework.security.access.intercept.aopalliance.MethodSecurityInterceptor.invoke(MethodSecurityInterceptor.java:69)\r\n	at org.springframework.aop.framework.ReflectiveMethodInvocation.proceed(ReflectiveMethodInvocation.java:186)\r\n	at org.springframework.aop.interceptor.ExposeInvocationInterceptor.invoke(ExposeInvocationInterceptor.java:93)\r\n	at org.springframework.aop.framework.ReflectiveMethodInvocation.proceed(ReflectiveMethodInvocation.java:186)\r\n	at org.springframework.aop.framework.CglibAopProxy$DynamicAdvisedInterceptor.intercept(CglibAopProxy.java:688)\r\n	at me.zhengjie.modules.system.rest.UserController$$EnhancerBySpringCGLIB$$22164ed2.create(<generated>)\r\n	at sun.reflect.NativeMethodAccessorImpl.invoke0(Native Method)\r\n	at sun.reflect.NativeMethodAccessorImpl.invoke(NativeMethodAccessorImpl.java:62)\r\n	at sun.reflect.DelegatingMethodAccessorImpl.invoke(DelegatingMethodAccessorImpl.java:43)\r\n	at java.lang.reflect.Method.invoke(Method.java:498)\r\n	at org.springframework.web.method.support.InvocableHandlerMethod.doInvoke(InvocableHandlerMethod.java:215)\r\n	at org.springframework.web.method.support.InvocableHandlerMethod.invokeForRequest(InvocableHandlerMethod.java:142)\r\n	at org.springframework.web.servlet.mvc.method.annotation.ServletInvocableHandlerMethod.invokeAndHandle(ServletInvocableHandlerMethod.java:102)\r\n	at org.springframework.web.servlet.mvc.method.annotation.RequestMappingHandlerAdapter.invokeHandlerMethod(RequestMappingHandlerAdapter.java:895)\r\n	at org.springframework.web.servlet.mvc.method.annotation.RequestMappingHandlerAdapter.handleInternal(RequestMappingHandlerAdapter.java:800)\r\n	at org.springframework.web.servlet.mvc.method.AbstractHandlerMethodAdapter.handle(AbstractHandlerMethodAdapter.java:87)\r\n	at org.springframework.web.servlet.DispatcherServlet.doDispatch(DispatcherServlet.java:1038)\r\n	at org.springframework.web.servlet.DispatcherServlet.doService(DispatcherServlet.java:942)\r\n	at org.springframework.web.servlet.FrameworkServlet.processRequest(FrameworkServlet.java:998)\r\n	at org.springframework.web.servlet.FrameworkServlet.doPost(FrameworkServlet.java:901)\r\n	at javax.servlet.http.HttpServlet.service(HttpServlet.java:660)\r\n	at org.springframework.web.servlet.FrameworkServlet.service(FrameworkServlet.java:875)\r\n	at javax.servlet.http.HttpServlet.service(HttpServlet.java:741)\r\n	at org.apache.catalina.core.ApplicationFilterChain.internalDoFilter(ApplicationFilterChain.java:231)\r\n	at org.apache.catalina.core.ApplicationFilterChain.doFilter(ApplicationFilterChain.java:166)\r\n	at org.apache.tomcat.websocket.server.WsFilter.doFilter(WsFilter.java:53)\r\n	at org.apache.catalina.core.ApplicationFilterChain.internalDoFilter(ApplicationFilterChain.java:193)\r\n	at org.apache.catalina.core.ApplicationFilterChain.doFilter(ApplicationFilterChain.java:166)\r\n	at org.springframework.web.filter.OncePerRequestFilter.doFilter(OncePerRequestFilter.java:101)\r\n	at org.apache.catalina.core.ApplicationFilterChain.internalDoFilter(ApplicationFilterChain.java:193)\r\n	at org.apache.catalina.core.ApplicationFilterChain.doFilter(ApplicationFilterChain.java:166)\r\n	at com.alibaba.druid.support.http.WebStatFilter.doFilter(WebStatFilter.java:123)\r\n	at org.apache.catalina.core.ApplicationFilterChain.internalDoFilter(ApplicationFilterChain.java:193)\r\n	at org.apache.catalina.core.ApplicationFilterChain.doFilter(ApplicationFilterChain.java:166)\r\n	at org.springframework.security.web.FilterChainProxy$VirtualFilterChain.doFilter(FilterChainProxy.java:320)\r\n	at org.springframework.security.web.access.intercept.FilterSecurityInterceptor.invoke(FilterSecurityInterceptor.java:127)\r\n	at org.springframework.security.web.access.intercept.FilterSecurityInterceptor.doFilter(FilterSecurityInterceptor.java:91)\r\n	at org.springframework.security.web.FilterChainProxy$VirtualFilterChain.doFilter(FilterChainProxy.java:334)\r\n	at org.springframework.security.web.access.ExceptionTranslationFilter.doFilter(ExceptionTranslationFilter.java:119)\r\n	at org.springframework.security.web.FilterChainProxy$VirtualFilterChain.doFilter(FilterChainProxy.java:334)\r\n	at org.springframework.security.web.session.SessionManagementFilter.doFilter(SessionManagementFilter.java:137)\r\n	at org.springframework.security.web.FilterChainProxy$VirtualFilterChain.doFilter(FilterChainProxy.java:334)\r\n	at org.springframework.security.web.authentication.AnonymousAuthenticationFilter.doFilter(AnonymousAuthenticationFilter.java:111)\r\n	at org.springframework.security.web.FilterChainProxy$VirtualFilterChain.doFilter(FilterChainProxy.java:334)\r\n	at org.springframework.security.web.servletapi.SecurityContextHolderAwareRequestFilter.doFilter(SecurityContextHolderAwareRequestFilter.java:170)\r\n	at org.springframework.security.web.FilterChainProxy$VirtualFilterChain.doFilter(FilterChainProxy.java:334)\r\n	at org.springframework.security.web.savedrequest.RequestCacheAwareFilter.doFilter(RequestCacheAwareFilter.java:63)\r\n	at org.springframework.security.web.FilterChainProxy$VirtualFilterChain.doFilter(FilterChainProxy.java:334)\r\n	at me.zhengjie.modules.security.security.JwtAuthorizationTokenFilter.doFilterInternal(JwtAuthorizationTokenFilter.java:65)\r\n	at org.springframework.web.filter.OncePerRequestFilter.doFilter(OncePerRequestFilter.java:107)\r\n	at org.springframework.security.web.FilterChainProxy$VirtualFilterChain.doFilter(FilterChainProxy.java:334)\r\n	at org.springframework.security.web.authentication.logout.LogoutFilter.doFilter(LogoutFilter.java:116)\r\n	at org.springframework.security.web.FilterChainProxy$VirtualFilterChain.doFilter(FilterChainProxy.java:334)\r\n	at org.springframework.security.web.header.HeaderWriterFilter.doFilterInternal(HeaderWriterFilter.java:66)\r\n	at org.springframework.web.filter.OncePerRequestFilter.doFilter(OncePerRequestFilter.java:107)\r\n	at org.springframework.security.web.FilterChainProxy$VirtualFilterChain.doFilter(FilterChainProxy.java:334)\r\n	at org.springframework.security.web.context.SecurityContextPersistenceFilter.doFilter(SecurityContextPersistenceFilter.java:105)\r\n	at org.springframework.security.web.FilterChainProxy$VirtualFilterChain.doFilter(FilterChainProxy.java:334)\r\n	at org.springframework.security.web.context.request.async.WebAsyncManagerIntegrationFilter.doFilterInternal(WebAsyncManagerIntegrationFilter.java:56)\r\n	at org.springframework.web.filter.OncePerRequestFilter.doFilter(OncePerRequestFilter.java:107)\r\n	at org.springframework.security.web.FilterChainProxy$VirtualFilterChain.doFilter(FilterChainProxy.java:334)\r\n	at org.springframework.security.web.FilterChainProxy.doFilterInternal(FilterChainProxy.java:215)\r\n	at org.springframework.security.web.FilterChainProxy.doFilter(FilterChainProxy.java:178)\r\n	at org.springframework.web.filter.DelegatingFilterProxy.invokeDelegate(DelegatingFilterProxy.java:357)\r\n	at org.springframework.web.filter.DelegatingFilterProxy.doFilter(DelegatingFilterProxy.java:270)\r\n	at org.apache.catalina.core.ApplicationFilterChain.internalDoFilter(ApplicationFilterChain.java:193)\r\n	at org.apache.catalina.core.ApplicationFilterChain.doFilter(ApplicationFilterChain.java:166)\r\n	at org.springframework.web.filter.RequestContextFilter.doFilterInternal(RequestContextFilter.java:99)\r\n	at org.springframework.web.filter.OncePerRequestFilter.doFilter(OncePerRequestFilter.java:107)\r\n	at org.apache.catalina.core.ApplicationFilterChain.internalDoFilter(ApplicationFilterChain.java:193)\r\n	at org.apache.catalina.core.ApplicationFilterChain.doFilter(ApplicationFilterChain.java:166)\r\n	at org.springframework.web.filter.FormContentFilter.doFilterInternal(FormContentFilter.java:92)\r\n	at org.springframework.web.filter.OncePerRequestFilter.doFilter(OncePerRequestFilter.java:107)\r\n	at org.apache.catalina.core.ApplicationFilterChain.internalDoFilter(ApplicationFilterChain.java:193)\r\n	at org.apache.catalina.core.ApplicationFilterChain.doFilter(ApplicationFilterChain.java:166)\r\n	at org.springframework.web.filter.HiddenHttpMethodFilter.doFilterInternal(HiddenHttpMethodFilter.java:93)\r\n	at org.springframework.web.filter.OncePerRequestFilter.doFilter(OncePerRequestFilter.java:107)\r\n	at org.apache.catalina.core.ApplicationFilterChain.internalDoFilter(ApplicationFilterChain.java:193)\r\n	at org.apache.catalina.core.ApplicationFilterChain.doFilter(ApplicationFilterChain.java:166)\r\n	at org.springframework.web.filter.CharacterEncodingFilter.doFilterInternal(CharacterEncodingFilter.java:200)\r\n	at org.springframework.web.filter.OncePerRequestFilter.doFilter(OncePerRequestFilter.java:107)\r\n	at org.apache.catalina.core.ApplicationFilterChain.internalDoFilter(ApplicationFilterChain.java:193)\r\n	at org.apache.catalina.core.ApplicationFilterChain.doFilter(ApplicationFilterChain.java:166)\r\n	at org.apache.catalina.core.StandardWrapperValve.invoke(StandardWrapperValve.java:199)\r\n	at org.apache.catalina.core.StandardContextValve.invoke(StandardContextValve.java:96)\r\n	at org.apache.catalina.authenticator.AuthenticatorBase.invoke(AuthenticatorBase.java:490)\r\n	at org.apache.catalina.core.StandardHostValve.invoke(StandardHostValve.java:139)\r\n	at org.apache.catalina.valves.ErrorReportValve.invoke(ErrorReportValve.java:92)\r\n	at org.apache.catalina.core.StandardEngineValve.invoke(StandardEngineValve.java:74)\r\n	at org.apache.catalina.connector.CoyoteAdapter.service(CoyoteAdapter.java:343)\r\n	at org.apache.coyote.http11.Http11Processor.service(Http11Processor.java:408)\r\n	at org.apache.coyote.AbstractProcessorLight.process(AbstractProcessorLight.java:66)\r\n	at org.apache.coyote.AbstractProtocol$ConnectionHandler.process(AbstractProtocol.java:770)\r\n	at org.apache.tomcat.util.net.NioEndpoint$SocketProcessor.doRun(NioEndpoint.java:1415)\r\n	at org.apache.tomcat.util.net.SocketProcessorBase.run(SocketProcessorBase.java:49)\r\n	at java.util.concurrent.ThreadPoolExecutor.runWorker(ThreadPoolExecutor.java:1142)\r\n	at java.util.concurrent.ThreadPoolExecutor$Worker.run(ThreadPoolExecutor.java:617)\r\n	at org.apache.tomcat.util.threads.TaskThread$WrappingRunnable.run(TaskThread.java:61)\r\n	at java.lang.Thread.run(Thread.java:748)\r\n', 'ERROR', 'me.zhengjie.modules.system.rest.UserController.create()', '{ resources: User{id=null, username=\'占传森\', email=\'1110@qq.com\', enabled=false, password=\'null\', createTime=null, lastPasswordResetTime=null} }', '127.0.0.1', '9622', 'admin', '内网IP');
INSERT INTO `log` VALUES ('14454', '2019-10-16 14:36:33', '新增用户', 'me.zhengjie.exception.EntityExistException: User 已存在 {username=占传森}\r\n	at me.zhengjie.modules.system.service.impl.UserServiceImpl.create(UserServiceImpl.java:82)\r\n	at me.zhengjie.modules.system.service.impl.UserServiceImpl$$FastClassBySpringCGLIB$$501bea8b.invoke(<generated>)\r\n	at org.springframework.cglib.proxy.MethodProxy.invoke(MethodProxy.java:218)\r\n	at org.springframework.aop.framework.CglibAopProxy$CglibMethodInvocation.invokeJoinpoint(CglibAopProxy.java:746)\r\n	at org.springframework.aop.framework.ReflectiveMethodInvocation.proceed(ReflectiveMethodInvocation.java:163)\r\n	at org.springframework.transaction.interceptor.TransactionAspectSupport.invokeWithinTransaction(TransactionAspectSupport.java:294)\r\n	at org.springframework.transaction.interceptor.TransactionInterceptor.invoke(TransactionInterceptor.java:98)\r\n	at org.springframework.aop.framework.ReflectiveMethodInvocation.proceed(ReflectiveMethodInvocation.java:186)\r\n	at org.springframework.cache.interceptor.CacheInterceptor.lambda$invoke$0(CacheInterceptor.java:53)\r\n	at org.springframework.cache.interceptor.CacheAspectSupport.invokeOperation(CacheAspectSupport.java:365)\r\n	at org.springframework.cache.interceptor.CacheAspectSupport.execute(CacheAspectSupport.java:420)\r\n	at org.springframework.cache.interceptor.CacheAspectSupport.execute(CacheAspectSupport.java:345)\r\n	at org.springframework.cache.interceptor.CacheInterceptor.invoke(CacheInterceptor.java:61)\r\n	at org.springframework.aop.framework.ReflectiveMethodInvocation.proceed(ReflectiveMethodInvocation.java:186)\r\n	at org.springframework.aop.framework.CglibAopProxy$DynamicAdvisedInterceptor.intercept(CglibAopProxy.java:688)\r\n	at me.zhengjie.modules.system.service.impl.UserServiceImpl$$EnhancerBySpringCGLIB$$b90a0f12.create(<generated>)\r\n	at me.zhengjie.modules.system.rest.UserController.create(UserController.java:108)\r\n	at me.zhengjie.modules.system.rest.UserController$$FastClassBySpringCGLIB$$2bb70b4b.invoke(<generated>)\r\n	at org.springframework.cglib.proxy.MethodProxy.invoke(MethodProxy.java:218)\r\n	at org.springframework.aop.framework.CglibAopProxy$CglibMethodInvocation.invokeJoinpoint(CglibAopProxy.java:746)\r\n	at org.springframework.aop.framework.ReflectiveMethodInvocation.proceed(ReflectiveMethodInvocation.java:163)\r\n	at org.springframework.aop.aspectj.MethodInvocationProceedingJoinPoint.proceed(MethodInvocationProceedingJoinPoint.java:88)\r\n	at me.zhengjie.aspect.LogAspect.logAround(LogAspect.java:53)\r\n	at sun.reflect.NativeMethodAccessorImpl.invoke0(Native Method)\r\n	at sun.reflect.NativeMethodAccessorImpl.invoke(NativeMethodAccessorImpl.java:62)\r\n	at sun.reflect.DelegatingMethodAccessorImpl.invoke(DelegatingMethodAccessorImpl.java:43)\r\n	at java.lang.reflect.Method.invoke(Method.java:498)\r\n	at org.springframework.aop.aspectj.AbstractAspectJAdvice.invokeAdviceMethodWithGivenArgs(AbstractAspectJAdvice.java:644)\r\n	at org.springframework.aop.aspectj.AbstractAspectJAdvice.invokeAdviceMethod(AbstractAspectJAdvice.java:633)\r\n	at org.springframework.aop.aspectj.AspectJAroundAdvice.invoke(AspectJAroundAdvice.java:70)\r\n	at org.springframework.aop.framework.ReflectiveMethodInvocation.proceed(ReflectiveMethodInvocation.java:175)\r\n	at org.springframework.aop.aspectj.AspectJAfterThrowingAdvice.invoke(AspectJAfterThrowingAdvice.java:62)\r\n	at org.springframework.aop.framework.ReflectiveMethodInvocation.proceed(ReflectiveMethodInvocation.java:175)\r\n	at org.springframework.security.access.intercept.aopalliance.MethodSecurityInterceptor.invoke(MethodSecurityInterceptor.java:69)\r\n	at org.springframework.aop.framework.ReflectiveMethodInvocation.proceed(ReflectiveMethodInvocation.java:186)\r\n	at org.springframework.aop.interceptor.ExposeInvocationInterceptor.invoke(ExposeInvocationInterceptor.java:93)\r\n	at org.springframework.aop.framework.ReflectiveMethodInvocation.proceed(ReflectiveMethodInvocation.java:186)\r\n	at org.springframework.aop.framework.CglibAopProxy$DynamicAdvisedInterceptor.intercept(CglibAopProxy.java:688)\r\n	at me.zhengjie.modules.system.rest.UserController$$EnhancerBySpringCGLIB$$22164ed2.create(<generated>)\r\n	at sun.reflect.NativeMethodAccessorImpl.invoke0(Native Method)\r\n	at sun.reflect.NativeMethodAccessorImpl.invoke(NativeMethodAccessorImpl.java:62)\r\n	at sun.reflect.DelegatingMethodAccessorImpl.invoke(DelegatingMethodAccessorImpl.java:43)\r\n	at java.lang.reflect.Method.invoke(Method.java:498)\r\n	at org.springframework.web.method.support.InvocableHandlerMethod.doInvoke(InvocableHandlerMethod.java:215)\r\n	at org.springframework.web.method.support.InvocableHandlerMethod.invokeForRequest(InvocableHandlerMethod.java:142)\r\n	at org.springframework.web.servlet.mvc.method.annotation.ServletInvocableHandlerMethod.invokeAndHandle(ServletInvocableHandlerMethod.java:102)\r\n	at org.springframework.web.servlet.mvc.method.annotation.RequestMappingHandlerAdapter.invokeHandlerMethod(RequestMappingHandlerAdapter.java:895)\r\n	at org.springframework.web.servlet.mvc.method.annotation.RequestMappingHandlerAdapter.handleInternal(RequestMappingHandlerAdapter.java:800)\r\n	at org.springframework.web.servlet.mvc.method.AbstractHandlerMethodAdapter.handle(AbstractHandlerMethodAdapter.java:87)\r\n	at org.springframework.web.servlet.DispatcherServlet.doDispatch(DispatcherServlet.java:1038)\r\n	at org.springframework.web.servlet.DispatcherServlet.doService(DispatcherServlet.java:942)\r\n	at org.springframework.web.servlet.FrameworkServlet.processRequest(FrameworkServlet.java:998)\r\n	at org.springframework.web.servlet.FrameworkServlet.doPost(FrameworkServlet.java:901)\r\n	at javax.servlet.http.HttpServlet.service(HttpServlet.java:660)\r\n	at org.springframework.web.servlet.FrameworkServlet.service(FrameworkServlet.java:875)\r\n	at javax.servlet.http.HttpServlet.service(HttpServlet.java:741)\r\n	at org.apache.catalina.core.ApplicationFilterChain.internalDoFilter(ApplicationFilterChain.java:231)\r\n	at org.apache.catalina.core.ApplicationFilterChain.doFilter(ApplicationFilterChain.java:166)\r\n	at org.apache.tomcat.websocket.server.WsFilter.doFilter(WsFilter.java:53)\r\n	at org.apache.catalina.core.ApplicationFilterChain.internalDoFilter(ApplicationFilterChain.java:193)\r\n	at org.apache.catalina.core.ApplicationFilterChain.doFilter(ApplicationFilterChain.java:166)\r\n	at org.springframework.web.filter.OncePerRequestFilter.doFilter(OncePerRequestFilter.java:101)\r\n	at org.apache.catalina.core.ApplicationFilterChain.internalDoFilter(ApplicationFilterChain.java:193)\r\n	at org.apache.catalina.core.ApplicationFilterChain.doFilter(ApplicationFilterChain.java:166)\r\n	at com.alibaba.druid.support.http.WebStatFilter.doFilter(WebStatFilter.java:123)\r\n	at org.apache.catalina.core.ApplicationFilterChain.internalDoFilter(ApplicationFilterChain.java:193)\r\n	at org.apache.catalina.core.ApplicationFilterChain.doFilter(ApplicationFilterChain.java:166)\r\n	at org.springframework.security.web.FilterChainProxy$VirtualFilterChain.doFilter(FilterChainProxy.java:320)\r\n	at org.springframework.security.web.access.intercept.FilterSecurityInterceptor.invoke(FilterSecurityInterceptor.java:127)\r\n	at org.springframework.security.web.access.intercept.FilterSecurityInterceptor.doFilter(FilterSecurityInterceptor.java:91)\r\n	at org.springframework.security.web.FilterChainProxy$VirtualFilterChain.doFilter(FilterChainProxy.java:334)\r\n	at org.springframework.security.web.access.ExceptionTranslationFilter.doFilter(ExceptionTranslationFilter.java:119)\r\n	at org.springframework.security.web.FilterChainProxy$VirtualFilterChain.doFilter(FilterChainProxy.java:334)\r\n	at org.springframework.security.web.session.SessionManagementFilter.doFilter(SessionManagementFilter.java:137)\r\n	at org.springframework.security.web.FilterChainProxy$VirtualFilterChain.doFilter(FilterChainProxy.java:334)\r\n	at org.springframework.security.web.authentication.AnonymousAuthenticationFilter.doFilter(AnonymousAuthenticationFilter.java:111)\r\n	at org.springframework.security.web.FilterChainProxy$VirtualFilterChain.doFilter(FilterChainProxy.java:334)\r\n	at org.springframework.security.web.servletapi.SecurityContextHolderAwareRequestFilter.doFilter(SecurityContextHolderAwareRequestFilter.java:170)\r\n	at org.springframework.security.web.FilterChainProxy$VirtualFilterChain.doFilter(FilterChainProxy.java:334)\r\n	at org.springframework.security.web.savedrequest.RequestCacheAwareFilter.doFilter(RequestCacheAwareFilter.java:63)\r\n	at org.springframework.security.web.FilterChainProxy$VirtualFilterChain.doFilter(FilterChainProxy.java:334)\r\n	at me.zhengjie.modules.security.security.JwtAuthorizationTokenFilter.doFilterInternal(JwtAuthorizationTokenFilter.java:65)\r\n	at org.springframework.web.filter.OncePerRequestFilter.doFilter(OncePerRequestFilter.java:107)\r\n	at org.springframework.security.web.FilterChainProxy$VirtualFilterChain.doFilter(FilterChainProxy.java:334)\r\n	at org.springframework.security.web.authentication.logout.LogoutFilter.doFilter(LogoutFilter.java:116)\r\n	at org.springframework.security.web.FilterChainProxy$VirtualFilterChain.doFilter(FilterChainProxy.java:334)\r\n	at org.springframework.security.web.header.HeaderWriterFilter.doFilterInternal(HeaderWriterFilter.java:66)\r\n	at org.springframework.web.filter.OncePerRequestFilter.doFilter(OncePerRequestFilter.java:107)\r\n	at org.springframework.security.web.FilterChainProxy$VirtualFilterChain.doFilter(FilterChainProxy.java:334)\r\n	at org.springframework.security.web.context.SecurityContextPersistenceFilter.doFilter(SecurityContextPersistenceFilter.java:105)\r\n	at org.springframework.security.web.FilterChainProxy$VirtualFilterChain.doFilter(FilterChainProxy.java:334)\r\n	at org.springframework.security.web.context.request.async.WebAsyncManagerIntegrationFilter.doFilterInternal(WebAsyncManagerIntegrationFilter.java:56)\r\n	at org.springframework.web.filter.OncePerRequestFilter.doFilter(OncePerRequestFilter.java:107)\r\n	at org.springframework.security.web.FilterChainProxy$VirtualFilterChain.doFilter(FilterChainProxy.java:334)\r\n	at org.springframework.security.web.FilterChainProxy.doFilterInternal(FilterChainProxy.java:215)\r\n	at org.springframework.security.web.FilterChainProxy.doFilter(FilterChainProxy.java:178)\r\n	at org.springframework.web.filter.DelegatingFilterProxy.invokeDelegate(DelegatingFilterProxy.java:357)\r\n	at org.springframework.web.filter.DelegatingFilterProxy.doFilter(DelegatingFilterProxy.java:270)\r\n	at org.apache.catalina.core.ApplicationFilterChain.internalDoFilter(ApplicationFilterChain.java:193)\r\n	at org.apache.catalina.core.ApplicationFilterChain.doFilter(ApplicationFilterChain.java:166)\r\n	at org.springframework.web.filter.RequestContextFilter.doFilterInternal(RequestContextFilter.java:99)\r\n	at org.springframework.web.filter.OncePerRequestFilter.doFilter(OncePerRequestFilter.java:107)\r\n	at org.apache.catalina.core.ApplicationFilterChain.internalDoFilter(ApplicationFilterChain.java:193)\r\n	at org.apache.catalina.core.ApplicationFilterChain.doFilter(ApplicationFilterChain.java:166)\r\n	at org.springframework.web.filter.FormContentFilter.doFilterInternal(FormContentFilter.java:92)\r\n	at org.springframework.web.filter.OncePerRequestFilter.doFilter(OncePerRequestFilter.java:107)\r\n	at org.apache.catalina.core.ApplicationFilterChain.internalDoFilter(ApplicationFilterChain.java:193)\r\n	at org.apache.catalina.core.ApplicationFilterChain.doFilter(ApplicationFilterChain.java:166)\r\n	at org.springframework.web.filter.HiddenHttpMethodFilter.doFilterInternal(HiddenHttpMethodFilter.java:93)\r\n	at org.springframework.web.filter.OncePerRequestFilter.doFilter(OncePerRequestFilter.java:107)\r\n	at org.apache.catalina.core.ApplicationFilterChain.internalDoFilter(ApplicationFilterChain.java:193)\r\n	at org.apache.catalina.core.ApplicationFilterChain.doFilter(ApplicationFilterChain.java:166)\r\n	at org.springframework.web.filter.CharacterEncodingFilter.doFilterInternal(CharacterEncodingFilter.java:200)\r\n	at org.springframework.web.filter.OncePerRequestFilter.doFilter(OncePerRequestFilter.java:107)\r\n	at org.apache.catalina.core.ApplicationFilterChain.internalDoFilter(ApplicationFilterChain.java:193)\r\n	at org.apache.catalina.core.ApplicationFilterChain.doFilter(ApplicationFilterChain.java:166)\r\n	at org.apache.catalina.core.StandardWrapperValve.invoke(StandardWrapperValve.java:199)\r\n	at org.apache.catalina.core.StandardContextValve.invoke(StandardContextValve.java:96)\r\n	at org.apache.catalina.authenticator.AuthenticatorBase.invoke(AuthenticatorBase.java:490)\r\n	at org.apache.catalina.core.StandardHostValve.invoke(StandardHostValve.java:139)\r\n	at org.apache.catalina.valves.ErrorReportValve.invoke(ErrorReportValve.java:92)\r\n	at org.apache.catalina.core.StandardEngineValve.invoke(StandardEngineValve.java:74)\r\n	at org.apache.catalina.connector.CoyoteAdapter.service(CoyoteAdapter.java:343)\r\n	at org.apache.coyote.http11.Http11Processor.service(Http11Processor.java:408)\r\n	at org.apache.coyote.AbstractProcessorLight.process(AbstractProcessorLight.java:66)\r\n	at org.apache.coyote.AbstractProtocol$ConnectionHandler.process(AbstractProtocol.java:770)\r\n	at org.apache.tomcat.util.net.NioEndpoint$SocketProcessor.doRun(NioEndpoint.java:1415)\r\n	at org.apache.tomcat.util.net.SocketProcessorBase.run(SocketProcessorBase.java:49)\r\n	at java.util.concurrent.ThreadPoolExecutor.runWorker(ThreadPoolExecutor.java:1142)\r\n	at java.util.concurrent.ThreadPoolExecutor$Worker.run(ThreadPoolExecutor.java:617)\r\n	at org.apache.tomcat.util.threads.TaskThread$WrappingRunnable.run(TaskThread.java:61)\r\n	at java.lang.Thread.run(Thread.java:748)\r\n', 'ERROR', 'me.zhengjie.modules.system.rest.UserController.create()', '{ resources: User{id=null, username=\'占传森\', email=\'1110@qq.com\', enabled=false, password=\'null\', createTime=null, lastPasswordResetTime=null} }', '127.0.0.1', '13', 'admin', '内网IP');
INSERT INTO `log` VALUES ('14455', '2019-10-16 14:36:34', '新增用户', 'me.zhengjie.exception.EntityExistException: User 已存在 {username=占传森}\r\n	at me.zhengjie.modules.system.service.impl.UserServiceImpl.create(UserServiceImpl.java:82)\r\n	at me.zhengjie.modules.system.service.impl.UserServiceImpl$$FastClassBySpringCGLIB$$501bea8b.invoke(<generated>)\r\n	at org.springframework.cglib.proxy.MethodProxy.invoke(MethodProxy.java:218)\r\n	at org.springframework.aop.framework.CglibAopProxy$CglibMethodInvocation.invokeJoinpoint(CglibAopProxy.java:746)\r\n	at org.springframework.aop.framework.ReflectiveMethodInvocation.proceed(ReflectiveMethodInvocation.java:163)\r\n	at org.springframework.transaction.interceptor.TransactionAspectSupport.invokeWithinTransaction(TransactionAspectSupport.java:294)\r\n	at org.springframework.transaction.interceptor.TransactionInterceptor.invoke(TransactionInterceptor.java:98)\r\n	at org.springframework.aop.framework.ReflectiveMethodInvocation.proceed(ReflectiveMethodInvocation.java:186)\r\n	at org.springframework.cache.interceptor.CacheInterceptor.lambda$invoke$0(CacheInterceptor.java:53)\r\n	at org.springframework.cache.interceptor.CacheAspectSupport.invokeOperation(CacheAspectSupport.java:365)\r\n	at org.springframework.cache.interceptor.CacheAspectSupport.execute(CacheAspectSupport.java:420)\r\n	at org.springframework.cache.interceptor.CacheAspectSupport.execute(CacheAspectSupport.java:345)\r\n	at org.springframework.cache.interceptor.CacheInterceptor.invoke(CacheInterceptor.java:61)\r\n	at org.springframework.aop.framework.ReflectiveMethodInvocation.proceed(ReflectiveMethodInvocation.java:186)\r\n	at org.springframework.aop.framework.CglibAopProxy$DynamicAdvisedInterceptor.intercept(CglibAopProxy.java:688)\r\n	at me.zhengjie.modules.system.service.impl.UserServiceImpl$$EnhancerBySpringCGLIB$$b90a0f12.create(<generated>)\r\n	at me.zhengjie.modules.system.rest.UserController.create(UserController.java:108)\r\n	at me.zhengjie.modules.system.rest.UserController$$FastClassBySpringCGLIB$$2bb70b4b.invoke(<generated>)\r\n	at org.springframework.cglib.proxy.MethodProxy.invoke(MethodProxy.java:218)\r\n	at org.springframework.aop.framework.CglibAopProxy$CglibMethodInvocation.invokeJoinpoint(CglibAopProxy.java:746)\r\n	at org.springframework.aop.framework.ReflectiveMethodInvocation.proceed(ReflectiveMethodInvocation.java:163)\r\n	at org.springframework.aop.aspectj.MethodInvocationProceedingJoinPoint.proceed(MethodInvocationProceedingJoinPoint.java:88)\r\n	at me.zhengjie.aspect.LogAspect.logAround(LogAspect.java:53)\r\n	at sun.reflect.NativeMethodAccessorImpl.invoke0(Native Method)\r\n	at sun.reflect.NativeMethodAccessorImpl.invoke(NativeMethodAccessorImpl.java:62)\r\n	at sun.reflect.DelegatingMethodAccessorImpl.invoke(DelegatingMethodAccessorImpl.java:43)\r\n	at java.lang.reflect.Method.invoke(Method.java:498)\r\n	at org.springframework.aop.aspectj.AbstractAspectJAdvice.invokeAdviceMethodWithGivenArgs(AbstractAspectJAdvice.java:644)\r\n	at org.springframework.aop.aspectj.AbstractAspectJAdvice.invokeAdviceMethod(AbstractAspectJAdvice.java:633)\r\n	at org.springframework.aop.aspectj.AspectJAroundAdvice.invoke(AspectJAroundAdvice.java:70)\r\n	at org.springframework.aop.framework.ReflectiveMethodInvocation.proceed(ReflectiveMethodInvocation.java:175)\r\n	at org.springframework.aop.aspectj.AspectJAfterThrowingAdvice.invoke(AspectJAfterThrowingAdvice.java:62)\r\n	at org.springframework.aop.framework.ReflectiveMethodInvocation.proceed(ReflectiveMethodInvocation.java:175)\r\n	at org.springframework.security.access.intercept.aopalliance.MethodSecurityInterceptor.invoke(MethodSecurityInterceptor.java:69)\r\n	at org.springframework.aop.framework.ReflectiveMethodInvocation.proceed(ReflectiveMethodInvocation.java:186)\r\n	at org.springframework.aop.interceptor.ExposeInvocationInterceptor.invoke(ExposeInvocationInterceptor.java:93)\r\n	at org.springframework.aop.framework.ReflectiveMethodInvocation.proceed(ReflectiveMethodInvocation.java:186)\r\n	at org.springframework.aop.framework.CglibAopProxy$DynamicAdvisedInterceptor.intercept(CglibAopProxy.java:688)\r\n	at me.zhengjie.modules.system.rest.UserController$$EnhancerBySpringCGLIB$$22164ed2.create(<generated>)\r\n	at sun.reflect.NativeMethodAccessorImpl.invoke0(Native Method)\r\n	at sun.reflect.NativeMethodAccessorImpl.invoke(NativeMethodAccessorImpl.java:62)\r\n	at sun.reflect.DelegatingMethodAccessorImpl.invoke(DelegatingMethodAccessorImpl.java:43)\r\n	at java.lang.reflect.Method.invoke(Method.java:498)\r\n	at org.springframework.web.method.support.InvocableHandlerMethod.doInvoke(InvocableHandlerMethod.java:215)\r\n	at org.springframework.web.method.support.InvocableHandlerMethod.invokeForRequest(InvocableHandlerMethod.java:142)\r\n	at org.springframework.web.servlet.mvc.method.annotation.ServletInvocableHandlerMethod.invokeAndHandle(ServletInvocableHandlerMethod.java:102)\r\n	at org.springframework.web.servlet.mvc.method.annotation.RequestMappingHandlerAdapter.invokeHandlerMethod(RequestMappingHandlerAdapter.java:895)\r\n	at org.springframework.web.servlet.mvc.method.annotation.RequestMappingHandlerAdapter.handleInternal(RequestMappingHandlerAdapter.java:800)\r\n	at org.springframework.web.servlet.mvc.method.AbstractHandlerMethodAdapter.handle(AbstractHandlerMethodAdapter.java:87)\r\n	at org.springframework.web.servlet.DispatcherServlet.doDispatch(DispatcherServlet.java:1038)\r\n	at org.springframework.web.servlet.DispatcherServlet.doService(DispatcherServlet.java:942)\r\n	at org.springframework.web.servlet.FrameworkServlet.processRequest(FrameworkServlet.java:998)\r\n	at org.springframework.web.servlet.FrameworkServlet.doPost(FrameworkServlet.java:901)\r\n	at javax.servlet.http.HttpServlet.service(HttpServlet.java:660)\r\n	at org.springframework.web.servlet.FrameworkServlet.service(FrameworkServlet.java:875)\r\n	at javax.servlet.http.HttpServlet.service(HttpServlet.java:741)\r\n	at org.apache.catalina.core.ApplicationFilterChain.internalDoFilter(ApplicationFilterChain.java:231)\r\n	at org.apache.catalina.core.ApplicationFilterChain.doFilter(ApplicationFilterChain.java:166)\r\n	at org.apache.tomcat.websocket.server.WsFilter.doFilter(WsFilter.java:53)\r\n	at org.apache.catalina.core.ApplicationFilterChain.internalDoFilter(ApplicationFilterChain.java:193)\r\n	at org.apache.catalina.core.ApplicationFilterChain.doFilter(ApplicationFilterChain.java:166)\r\n	at org.springframework.web.filter.OncePerRequestFilter.doFilter(OncePerRequestFilter.java:101)\r\n	at org.apache.catalina.core.ApplicationFilterChain.internalDoFilter(ApplicationFilterChain.java:193)\r\n	at org.apache.catalina.core.ApplicationFilterChain.doFilter(ApplicationFilterChain.java:166)\r\n	at com.alibaba.druid.support.http.WebStatFilter.doFilter(WebStatFilter.java:123)\r\n	at org.apache.catalina.core.ApplicationFilterChain.internalDoFilter(ApplicationFilterChain.java:193)\r\n	at org.apache.catalina.core.ApplicationFilterChain.doFilter(ApplicationFilterChain.java:166)\r\n	at org.springframework.security.web.FilterChainProxy$VirtualFilterChain.doFilter(FilterChainProxy.java:320)\r\n	at org.springframework.security.web.access.intercept.FilterSecurityInterceptor.invoke(FilterSecurityInterceptor.java:127)\r\n	at org.springframework.security.web.access.intercept.FilterSecurityInterceptor.doFilter(FilterSecurityInterceptor.java:91)\r\n	at org.springframework.security.web.FilterChainProxy$VirtualFilterChain.doFilter(FilterChainProxy.java:334)\r\n	at org.springframework.security.web.access.ExceptionTranslationFilter.doFilter(ExceptionTranslationFilter.java:119)\r\n	at org.springframework.security.web.FilterChainProxy$VirtualFilterChain.doFilter(FilterChainProxy.java:334)\r\n	at org.springframework.security.web.session.SessionManagementFilter.doFilter(SessionManagementFilter.java:137)\r\n	at org.springframework.security.web.FilterChainProxy$VirtualFilterChain.doFilter(FilterChainProxy.java:334)\r\n	at org.springframework.security.web.authentication.AnonymousAuthenticationFilter.doFilter(AnonymousAuthenticationFilter.java:111)\r\n	at org.springframework.security.web.FilterChainProxy$VirtualFilterChain.doFilter(FilterChainProxy.java:334)\r\n	at org.springframework.security.web.servletapi.SecurityContextHolderAwareRequestFilter.doFilter(SecurityContextHolderAwareRequestFilter.java:170)\r\n	at org.springframework.security.web.FilterChainProxy$VirtualFilterChain.doFilter(FilterChainProxy.java:334)\r\n	at org.springframework.security.web.savedrequest.RequestCacheAwareFilter.doFilter(RequestCacheAwareFilter.java:63)\r\n	at org.springframework.security.web.FilterChainProxy$VirtualFilterChain.doFilter(FilterChainProxy.java:334)\r\n	at me.zhengjie.modules.security.security.JwtAuthorizationTokenFilter.doFilterInternal(JwtAuthorizationTokenFilter.java:65)\r\n	at org.springframework.web.filter.OncePerRequestFilter.doFilter(OncePerRequestFilter.java:107)\r\n	at org.springframework.security.web.FilterChainProxy$VirtualFilterChain.doFilter(FilterChainProxy.java:334)\r\n	at org.springframework.security.web.authentication.logout.LogoutFilter.doFilter(LogoutFilter.java:116)\r\n	at org.springframework.security.web.FilterChainProxy$VirtualFilterChain.doFilter(FilterChainProxy.java:334)\r\n	at org.springframework.security.web.header.HeaderWriterFilter.doFilterInternal(HeaderWriterFilter.java:66)\r\n	at org.springframework.web.filter.OncePerRequestFilter.doFilter(OncePerRequestFilter.java:107)\r\n	at org.springframework.security.web.FilterChainProxy$VirtualFilterChain.doFilter(FilterChainProxy.java:334)\r\n	at org.springframework.security.web.context.SecurityContextPersistenceFilter.doFilter(SecurityContextPersistenceFilter.java:105)\r\n	at org.springframework.security.web.FilterChainProxy$VirtualFilterChain.doFilter(FilterChainProxy.java:334)\r\n	at org.springframework.security.web.context.request.async.WebAsyncManagerIntegrationFilter.doFilterInternal(WebAsyncManagerIntegrationFilter.java:56)\r\n	at org.springframework.web.filter.OncePerRequestFilter.doFilter(OncePerRequestFilter.java:107)\r\n	at org.springframework.security.web.FilterChainProxy$VirtualFilterChain.doFilter(FilterChainProxy.java:334)\r\n	at org.springframework.security.web.FilterChainProxy.doFilterInternal(FilterChainProxy.java:215)\r\n	at org.springframework.security.web.FilterChainProxy.doFilter(FilterChainProxy.java:178)\r\n	at org.springframework.web.filter.DelegatingFilterProxy.invokeDelegate(DelegatingFilterProxy.java:357)\r\n	at org.springframework.web.filter.DelegatingFilterProxy.doFilter(DelegatingFilterProxy.java:270)\r\n	at org.apache.catalina.core.ApplicationFilterChain.internalDoFilter(ApplicationFilterChain.java:193)\r\n	at org.apache.catalina.core.ApplicationFilterChain.doFilter(ApplicationFilterChain.java:166)\r\n	at org.springframework.web.filter.RequestContextFilter.doFilterInternal(RequestContextFilter.java:99)\r\n	at org.springframework.web.filter.OncePerRequestFilter.doFilter(OncePerRequestFilter.java:107)\r\n	at org.apache.catalina.core.ApplicationFilterChain.internalDoFilter(ApplicationFilterChain.java:193)\r\n	at org.apache.catalina.core.ApplicationFilterChain.doFilter(ApplicationFilterChain.java:166)\r\n	at org.springframework.web.filter.FormContentFilter.doFilterInternal(FormContentFilter.java:92)\r\n	at org.springframework.web.filter.OncePerRequestFilter.doFilter(OncePerRequestFilter.java:107)\r\n	at org.apache.catalina.core.ApplicationFilterChain.internalDoFilter(ApplicationFilterChain.java:193)\r\n	at org.apache.catalina.core.ApplicationFilterChain.doFilter(ApplicationFilterChain.java:166)\r\n	at org.springframework.web.filter.HiddenHttpMethodFilter.doFilterInternal(HiddenHttpMethodFilter.java:93)\r\n	at org.springframework.web.filter.OncePerRequestFilter.doFilter(OncePerRequestFilter.java:107)\r\n	at org.apache.catalina.core.ApplicationFilterChain.internalDoFilter(ApplicationFilterChain.java:193)\r\n	at org.apache.catalina.core.ApplicationFilterChain.doFilter(ApplicationFilterChain.java:166)\r\n	at org.springframework.web.filter.CharacterEncodingFilter.doFilterInternal(CharacterEncodingFilter.java:200)\r\n	at org.springframework.web.filter.OncePerRequestFilter.doFilter(OncePerRequestFilter.java:107)\r\n	at org.apache.catalina.core.ApplicationFilterChain.internalDoFilter(ApplicationFilterChain.java:193)\r\n	at org.apache.catalina.core.ApplicationFilterChain.doFilter(ApplicationFilterChain.java:166)\r\n	at org.apache.catalina.core.StandardWrapperValve.invoke(StandardWrapperValve.java:199)\r\n	at org.apache.catalina.core.StandardContextValve.invoke(StandardContextValve.java:96)\r\n	at org.apache.catalina.authenticator.AuthenticatorBase.invoke(AuthenticatorBase.java:490)\r\n	at org.apache.catalina.core.StandardHostValve.invoke(StandardHostValve.java:139)\r\n	at org.apache.catalina.valves.ErrorReportValve.invoke(ErrorReportValve.java:92)\r\n	at org.apache.catalina.core.StandardEngineValve.invoke(StandardEngineValve.java:74)\r\n	at org.apache.catalina.connector.CoyoteAdapter.service(CoyoteAdapter.java:343)\r\n	at org.apache.coyote.http11.Http11Processor.service(Http11Processor.java:408)\r\n	at org.apache.coyote.AbstractProcessorLight.process(AbstractProcessorLight.java:66)\r\n	at org.apache.coyote.AbstractProtocol$ConnectionHandler.process(AbstractProtocol.java:770)\r\n	at org.apache.tomcat.util.net.NioEndpoint$SocketProcessor.doRun(NioEndpoint.java:1415)\r\n	at org.apache.tomcat.util.net.SocketProcessorBase.run(SocketProcessorBase.java:49)\r\n	at java.util.concurrent.ThreadPoolExecutor.runWorker(ThreadPoolExecutor.java:1142)\r\n	at java.util.concurrent.ThreadPoolExecutor$Worker.run(ThreadPoolExecutor.java:617)\r\n	at org.apache.tomcat.util.threads.TaskThread$WrappingRunnable.run(TaskThread.java:61)\r\n	at java.lang.Thread.run(Thread.java:748)\r\n', 'ERROR', 'me.zhengjie.modules.system.rest.UserController.create()', '{ resources: User{id=null, username=\'占传森\', email=\'1110@qq.com\', enabled=false, password=\'null\', createTime=null, lastPasswordResetTime=null} }', '127.0.0.1', '18', 'admin', '内网IP');
INSERT INTO `log` VALUES ('14456', '2019-10-16 14:36:36', '新增用户', 'me.zhengjie.exception.EntityExistException: User 已存在 {username=占传森}\r\n	at me.zhengjie.modules.system.service.impl.UserServiceImpl.create(UserServiceImpl.java:82)\r\n	at me.zhengjie.modules.system.service.impl.UserServiceImpl$$FastClassBySpringCGLIB$$501bea8b.invoke(<generated>)\r\n	at org.springframework.cglib.proxy.MethodProxy.invoke(MethodProxy.java:218)\r\n	at org.springframework.aop.framework.CglibAopProxy$CglibMethodInvocation.invokeJoinpoint(CglibAopProxy.java:746)\r\n	at org.springframework.aop.framework.ReflectiveMethodInvocation.proceed(ReflectiveMethodInvocation.java:163)\r\n	at org.springframework.transaction.interceptor.TransactionAspectSupport.invokeWithinTransaction(TransactionAspectSupport.java:294)\r\n	at org.springframework.transaction.interceptor.TransactionInterceptor.invoke(TransactionInterceptor.java:98)\r\n	at org.springframework.aop.framework.ReflectiveMethodInvocation.proceed(ReflectiveMethodInvocation.java:186)\r\n	at org.springframework.cache.interceptor.CacheInterceptor.lambda$invoke$0(CacheInterceptor.java:53)\r\n	at org.springframework.cache.interceptor.CacheAspectSupport.invokeOperation(CacheAspectSupport.java:365)\r\n	at org.springframework.cache.interceptor.CacheAspectSupport.execute(CacheAspectSupport.java:420)\r\n	at org.springframework.cache.interceptor.CacheAspectSupport.execute(CacheAspectSupport.java:345)\r\n	at org.springframework.cache.interceptor.CacheInterceptor.invoke(CacheInterceptor.java:61)\r\n	at org.springframework.aop.framework.ReflectiveMethodInvocation.proceed(ReflectiveMethodInvocation.java:186)\r\n	at org.springframework.aop.framework.CglibAopProxy$DynamicAdvisedInterceptor.intercept(CglibAopProxy.java:688)\r\n	at me.zhengjie.modules.system.service.impl.UserServiceImpl$$EnhancerBySpringCGLIB$$b90a0f12.create(<generated>)\r\n	at me.zhengjie.modules.system.rest.UserController.create(UserController.java:108)\r\n	at me.zhengjie.modules.system.rest.UserController$$FastClassBySpringCGLIB$$2bb70b4b.invoke(<generated>)\r\n	at org.springframework.cglib.proxy.MethodProxy.invoke(MethodProxy.java:218)\r\n	at org.springframework.aop.framework.CglibAopProxy$CglibMethodInvocation.invokeJoinpoint(CglibAopProxy.java:746)\r\n	at org.springframework.aop.framework.ReflectiveMethodInvocation.proceed(ReflectiveMethodInvocation.java:163)\r\n	at org.springframework.aop.aspectj.MethodInvocationProceedingJoinPoint.proceed(MethodInvocationProceedingJoinPoint.java:88)\r\n	at me.zhengjie.aspect.LogAspect.logAround(LogAspect.java:53)\r\n	at sun.reflect.NativeMethodAccessorImpl.invoke0(Native Method)\r\n	at sun.reflect.NativeMethodAccessorImpl.invoke(NativeMethodAccessorImpl.java:62)\r\n	at sun.reflect.DelegatingMethodAccessorImpl.invoke(DelegatingMethodAccessorImpl.java:43)\r\n	at java.lang.reflect.Method.invoke(Method.java:498)\r\n	at org.springframework.aop.aspectj.AbstractAspectJAdvice.invokeAdviceMethodWithGivenArgs(AbstractAspectJAdvice.java:644)\r\n	at org.springframework.aop.aspectj.AbstractAspectJAdvice.invokeAdviceMethod(AbstractAspectJAdvice.java:633)\r\n	at org.springframework.aop.aspectj.AspectJAroundAdvice.invoke(AspectJAroundAdvice.java:70)\r\n	at org.springframework.aop.framework.ReflectiveMethodInvocation.proceed(ReflectiveMethodInvocation.java:175)\r\n	at org.springframework.aop.aspectj.AspectJAfterThrowingAdvice.invoke(AspectJAfterThrowingAdvice.java:62)\r\n	at org.springframework.aop.framework.ReflectiveMethodInvocation.proceed(ReflectiveMethodInvocation.java:175)\r\n	at org.springframework.security.access.intercept.aopalliance.MethodSecurityInterceptor.invoke(MethodSecurityInterceptor.java:69)\r\n	at org.springframework.aop.framework.ReflectiveMethodInvocation.proceed(ReflectiveMethodInvocation.java:186)\r\n	at org.springframework.aop.interceptor.ExposeInvocationInterceptor.invoke(ExposeInvocationInterceptor.java:93)\r\n	at org.springframework.aop.framework.ReflectiveMethodInvocation.proceed(ReflectiveMethodInvocation.java:186)\r\n	at org.springframework.aop.framework.CglibAopProxy$DynamicAdvisedInterceptor.intercept(CglibAopProxy.java:688)\r\n	at me.zhengjie.modules.system.rest.UserController$$EnhancerBySpringCGLIB$$22164ed2.create(<generated>)\r\n	at sun.reflect.NativeMethodAccessorImpl.invoke0(Native Method)\r\n	at sun.reflect.NativeMethodAccessorImpl.invoke(NativeMethodAccessorImpl.java:62)\r\n	at sun.reflect.DelegatingMethodAccessorImpl.invoke(DelegatingMethodAccessorImpl.java:43)\r\n	at java.lang.reflect.Method.invoke(Method.java:498)\r\n	at org.springframework.web.method.support.InvocableHandlerMethod.doInvoke(InvocableHandlerMethod.java:215)\r\n	at org.springframework.web.method.support.InvocableHandlerMethod.invokeForRequest(InvocableHandlerMethod.java:142)\r\n	at org.springframework.web.servlet.mvc.method.annotation.ServletInvocableHandlerMethod.invokeAndHandle(ServletInvocableHandlerMethod.java:102)\r\n	at org.springframework.web.servlet.mvc.method.annotation.RequestMappingHandlerAdapter.invokeHandlerMethod(RequestMappingHandlerAdapter.java:895)\r\n	at org.springframework.web.servlet.mvc.method.annotation.RequestMappingHandlerAdapter.handleInternal(RequestMappingHandlerAdapter.java:800)\r\n	at org.springframework.web.servlet.mvc.method.AbstractHandlerMethodAdapter.handle(AbstractHandlerMethodAdapter.java:87)\r\n	at org.springframework.web.servlet.DispatcherServlet.doDispatch(DispatcherServlet.java:1038)\r\n	at org.springframework.web.servlet.DispatcherServlet.doService(DispatcherServlet.java:942)\r\n	at org.springframework.web.servlet.FrameworkServlet.processRequest(FrameworkServlet.java:998)\r\n	at org.springframework.web.servlet.FrameworkServlet.doPost(FrameworkServlet.java:901)\r\n	at javax.servlet.http.HttpServlet.service(HttpServlet.java:660)\r\n	at org.springframework.web.servlet.FrameworkServlet.service(FrameworkServlet.java:875)\r\n	at javax.servlet.http.HttpServlet.service(HttpServlet.java:741)\r\n	at org.apache.catalina.core.ApplicationFilterChain.internalDoFilter(ApplicationFilterChain.java:231)\r\n	at org.apache.catalina.core.ApplicationFilterChain.doFilter(ApplicationFilterChain.java:166)\r\n	at org.apache.tomcat.websocket.server.WsFilter.doFilter(WsFilter.java:53)\r\n	at org.apache.catalina.core.ApplicationFilterChain.internalDoFilter(ApplicationFilterChain.java:193)\r\n	at org.apache.catalina.core.ApplicationFilterChain.doFilter(ApplicationFilterChain.java:166)\r\n	at org.springframework.web.filter.OncePerRequestFilter.doFilter(OncePerRequestFilter.java:101)\r\n	at org.apache.catalina.core.ApplicationFilterChain.internalDoFilter(ApplicationFilterChain.java:193)\r\n	at org.apache.catalina.core.ApplicationFilterChain.doFilter(ApplicationFilterChain.java:166)\r\n	at com.alibaba.druid.support.http.WebStatFilter.doFilter(WebStatFilter.java:123)\r\n	at org.apache.catalina.core.ApplicationFilterChain.internalDoFilter(ApplicationFilterChain.java:193)\r\n	at org.apache.catalina.core.ApplicationFilterChain.doFilter(ApplicationFilterChain.java:166)\r\n	at org.springframework.security.web.FilterChainProxy$VirtualFilterChain.doFilter(FilterChainProxy.java:320)\r\n	at org.springframework.security.web.access.intercept.FilterSecurityInterceptor.invoke(FilterSecurityInterceptor.java:127)\r\n	at org.springframework.security.web.access.intercept.FilterSecurityInterceptor.doFilter(FilterSecurityInterceptor.java:91)\r\n	at org.springframework.security.web.FilterChainProxy$VirtualFilterChain.doFilter(FilterChainProxy.java:334)\r\n	at org.springframework.security.web.access.ExceptionTranslationFilter.doFilter(ExceptionTranslationFilter.java:119)\r\n	at org.springframework.security.web.FilterChainProxy$VirtualFilterChain.doFilter(FilterChainProxy.java:334)\r\n	at org.springframework.security.web.session.SessionManagementFilter.doFilter(SessionManagementFilter.java:137)\r\n	at org.springframework.security.web.FilterChainProxy$VirtualFilterChain.doFilter(FilterChainProxy.java:334)\r\n	at org.springframework.security.web.authentication.AnonymousAuthenticationFilter.doFilter(AnonymousAuthenticationFilter.java:111)\r\n	at org.springframework.security.web.FilterChainProxy$VirtualFilterChain.doFilter(FilterChainProxy.java:334)\r\n	at org.springframework.security.web.servletapi.SecurityContextHolderAwareRequestFilter.doFilter(SecurityContextHolderAwareRequestFilter.java:170)\r\n	at org.springframework.security.web.FilterChainProxy$VirtualFilterChain.doFilter(FilterChainProxy.java:334)\r\n	at org.springframework.security.web.savedrequest.RequestCacheAwareFilter.doFilter(RequestCacheAwareFilter.java:63)\r\n	at org.springframework.security.web.FilterChainProxy$VirtualFilterChain.doFilter(FilterChainProxy.java:334)\r\n	at me.zhengjie.modules.security.security.JwtAuthorizationTokenFilter.doFilterInternal(JwtAuthorizationTokenFilter.java:65)\r\n	at org.springframework.web.filter.OncePerRequestFilter.doFilter(OncePerRequestFilter.java:107)\r\n	at org.springframework.security.web.FilterChainProxy$VirtualFilterChain.doFilter(FilterChainProxy.java:334)\r\n	at org.springframework.security.web.authentication.logout.LogoutFilter.doFilter(LogoutFilter.java:116)\r\n	at org.springframework.security.web.FilterChainProxy$VirtualFilterChain.doFilter(FilterChainProxy.java:334)\r\n	at org.springframework.security.web.header.HeaderWriterFilter.doFilterInternal(HeaderWriterFilter.java:66)\r\n	at org.springframework.web.filter.OncePerRequestFilter.doFilter(OncePerRequestFilter.java:107)\r\n	at org.springframework.security.web.FilterChainProxy$VirtualFilterChain.doFilter(FilterChainProxy.java:334)\r\n	at org.springframework.security.web.context.SecurityContextPersistenceFilter.doFilter(SecurityContextPersistenceFilter.java:105)\r\n	at org.springframework.security.web.FilterChainProxy$VirtualFilterChain.doFilter(FilterChainProxy.java:334)\r\n	at org.springframework.security.web.context.request.async.WebAsyncManagerIntegrationFilter.doFilterInternal(WebAsyncManagerIntegrationFilter.java:56)\r\n	at org.springframework.web.filter.OncePerRequestFilter.doFilter(OncePerRequestFilter.java:107)\r\n	at org.springframework.security.web.FilterChainProxy$VirtualFilterChain.doFilter(FilterChainProxy.java:334)\r\n	at org.springframework.security.web.FilterChainProxy.doFilterInternal(FilterChainProxy.java:215)\r\n	at org.springframework.security.web.FilterChainProxy.doFilter(FilterChainProxy.java:178)\r\n	at org.springframework.web.filter.DelegatingFilterProxy.invokeDelegate(DelegatingFilterProxy.java:357)\r\n	at org.springframework.web.filter.DelegatingFilterProxy.doFilter(DelegatingFilterProxy.java:270)\r\n	at org.apache.catalina.core.ApplicationFilterChain.internalDoFilter(ApplicationFilterChain.java:193)\r\n	at org.apache.catalina.core.ApplicationFilterChain.doFilter(ApplicationFilterChain.java:166)\r\n	at org.springframework.web.filter.RequestContextFilter.doFilterInternal(RequestContextFilter.java:99)\r\n	at org.springframework.web.filter.OncePerRequestFilter.doFilter(OncePerRequestFilter.java:107)\r\n	at org.apache.catalina.core.ApplicationFilterChain.internalDoFilter(ApplicationFilterChain.java:193)\r\n	at org.apache.catalina.core.ApplicationFilterChain.doFilter(ApplicationFilterChain.java:166)\r\n	at org.springframework.web.filter.FormContentFilter.doFilterInternal(FormContentFilter.java:92)\r\n	at org.springframework.web.filter.OncePerRequestFilter.doFilter(OncePerRequestFilter.java:107)\r\n	at org.apache.catalina.core.ApplicationFilterChain.internalDoFilter(ApplicationFilterChain.java:193)\r\n	at org.apache.catalina.core.ApplicationFilterChain.doFilter(ApplicationFilterChain.java:166)\r\n	at org.springframework.web.filter.HiddenHttpMethodFilter.doFilterInternal(HiddenHttpMethodFilter.java:93)\r\n	at org.springframework.web.filter.OncePerRequestFilter.doFilter(OncePerRequestFilter.java:107)\r\n	at org.apache.catalina.core.ApplicationFilterChain.internalDoFilter(ApplicationFilterChain.java:193)\r\n	at org.apache.catalina.core.ApplicationFilterChain.doFilter(ApplicationFilterChain.java:166)\r\n	at org.springframework.web.filter.CharacterEncodingFilter.doFilterInternal(CharacterEncodingFilter.java:200)\r\n	at org.springframework.web.filter.OncePerRequestFilter.doFilter(OncePerRequestFilter.java:107)\r\n	at org.apache.catalina.core.ApplicationFilterChain.internalDoFilter(ApplicationFilterChain.java:193)\r\n	at org.apache.catalina.core.ApplicationFilterChain.doFilter(ApplicationFilterChain.java:166)\r\n	at org.apache.catalina.core.StandardWrapperValve.invoke(StandardWrapperValve.java:199)\r\n	at org.apache.catalina.core.StandardContextValve.invoke(StandardContextValve.java:96)\r\n	at org.apache.catalina.authenticator.AuthenticatorBase.invoke(AuthenticatorBase.java:490)\r\n	at org.apache.catalina.core.StandardHostValve.invoke(StandardHostValve.java:139)\r\n	at org.apache.catalina.valves.ErrorReportValve.invoke(ErrorReportValve.java:92)\r\n	at org.apache.catalina.core.StandardEngineValve.invoke(StandardEngineValve.java:74)\r\n	at org.apache.catalina.connector.CoyoteAdapter.service(CoyoteAdapter.java:343)\r\n	at org.apache.coyote.http11.Http11Processor.service(Http11Processor.java:408)\r\n	at org.apache.coyote.AbstractProcessorLight.process(AbstractProcessorLight.java:66)\r\n	at org.apache.coyote.AbstractProtocol$ConnectionHandler.process(AbstractProtocol.java:770)\r\n	at org.apache.tomcat.util.net.NioEndpoint$SocketProcessor.doRun(NioEndpoint.java:1415)\r\n	at org.apache.tomcat.util.net.SocketProcessorBase.run(SocketProcessorBase.java:49)\r\n	at java.util.concurrent.ThreadPoolExecutor.runWorker(ThreadPoolExecutor.java:1142)\r\n	at java.util.concurrent.ThreadPoolExecutor$Worker.run(ThreadPoolExecutor.java:617)\r\n	at org.apache.tomcat.util.threads.TaskThread$WrappingRunnable.run(TaskThread.java:61)\r\n	at java.lang.Thread.run(Thread.java:748)\r\n', 'ERROR', 'me.zhengjie.modules.system.rest.UserController.create()', '{ resources: User{id=null, username=\'占传森\', email=\'1110@qq.com\', enabled=false, password=\'null\', createTime=null, lastPasswordResetTime=null} }', '127.0.0.1', '14', 'admin', '内网IP');
INSERT INTO `log` VALUES ('14457', '2019-10-16 14:39:04', '新增用户', 'me.zhengjie.exception.EntityExistException: User 已存在 {username=占传森}\r\n	at me.zhengjie.modules.system.service.impl.UserServiceImpl.create(UserServiceImpl.java:82)\r\n	at me.zhengjie.modules.system.service.impl.UserServiceImpl$$FastClassBySpringCGLIB$$501bea8b.invoke(<generated>)\r\n	at org.springframework.cglib.proxy.MethodProxy.invoke(MethodProxy.java:218)\r\n	at org.springframework.aop.framework.CglibAopProxy$CglibMethodInvocation.invokeJoinpoint(CglibAopProxy.java:746)\r\n	at org.springframework.aop.framework.ReflectiveMethodInvocation.proceed(ReflectiveMethodInvocation.java:163)\r\n	at org.springframework.transaction.interceptor.TransactionAspectSupport.invokeWithinTransaction(TransactionAspectSupport.java:294)\r\n	at org.springframework.transaction.interceptor.TransactionInterceptor.invoke(TransactionInterceptor.java:98)\r\n	at org.springframework.aop.framework.ReflectiveMethodInvocation.proceed(ReflectiveMethodInvocation.java:186)\r\n	at org.springframework.cache.interceptor.CacheInterceptor.lambda$invoke$0(CacheInterceptor.java:53)\r\n	at org.springframework.cache.interceptor.CacheAspectSupport.invokeOperation(CacheAspectSupport.java:365)\r\n	at org.springframework.cache.interceptor.CacheAspectSupport.execute(CacheAspectSupport.java:420)\r\n	at org.springframework.cache.interceptor.CacheAspectSupport.execute(CacheAspectSupport.java:345)\r\n	at org.springframework.cache.interceptor.CacheInterceptor.invoke(CacheInterceptor.java:61)\r\n	at org.springframework.aop.framework.ReflectiveMethodInvocation.proceed(ReflectiveMethodInvocation.java:186)\r\n	at org.springframework.aop.framework.CglibAopProxy$DynamicAdvisedInterceptor.intercept(CglibAopProxy.java:688)\r\n	at me.zhengjie.modules.system.service.impl.UserServiceImpl$$EnhancerBySpringCGLIB$$b90a0f12.create(<generated>)\r\n	at me.zhengjie.modules.system.rest.UserController.create(UserController.java:108)\r\n	at me.zhengjie.modules.system.rest.UserController$$FastClassBySpringCGLIB$$2bb70b4b.invoke(<generated>)\r\n	at org.springframework.cglib.proxy.MethodProxy.invoke(MethodProxy.java:218)\r\n	at org.springframework.aop.framework.CglibAopProxy$CglibMethodInvocation.invokeJoinpoint(CglibAopProxy.java:746)\r\n	at org.springframework.aop.framework.ReflectiveMethodInvocation.proceed(ReflectiveMethodInvocation.java:163)\r\n	at org.springframework.aop.aspectj.MethodInvocationProceedingJoinPoint.proceed(MethodInvocationProceedingJoinPoint.java:88)\r\n	at me.zhengjie.aspect.LogAspect.logAround(LogAspect.java:53)\r\n	at sun.reflect.NativeMethodAccessorImpl.invoke0(Native Method)\r\n	at sun.reflect.NativeMethodAccessorImpl.invoke(NativeMethodAccessorImpl.java:62)\r\n	at sun.reflect.DelegatingMethodAccessorImpl.invoke(DelegatingMethodAccessorImpl.java:43)\r\n	at java.lang.reflect.Method.invoke(Method.java:498)\r\n	at org.springframework.aop.aspectj.AbstractAspectJAdvice.invokeAdviceMethodWithGivenArgs(AbstractAspectJAdvice.java:644)\r\n	at org.springframework.aop.aspectj.AbstractAspectJAdvice.invokeAdviceMethod(AbstractAspectJAdvice.java:633)\r\n	at org.springframework.aop.aspectj.AspectJAroundAdvice.invoke(AspectJAroundAdvice.java:70)\r\n	at org.springframework.aop.framework.ReflectiveMethodInvocation.proceed(ReflectiveMethodInvocation.java:175)\r\n	at org.springframework.aop.aspectj.AspectJAfterThrowingAdvice.invoke(AspectJAfterThrowingAdvice.java:62)\r\n	at org.springframework.aop.framework.ReflectiveMethodInvocation.proceed(ReflectiveMethodInvocation.java:175)\r\n	at org.springframework.security.access.intercept.aopalliance.MethodSecurityInterceptor.invoke(MethodSecurityInterceptor.java:69)\r\n	at org.springframework.aop.framework.ReflectiveMethodInvocation.proceed(ReflectiveMethodInvocation.java:186)\r\n	at org.springframework.aop.interceptor.ExposeInvocationInterceptor.invoke(ExposeInvocationInterceptor.java:93)\r\n	at org.springframework.aop.framework.ReflectiveMethodInvocation.proceed(ReflectiveMethodInvocation.java:186)\r\n	at org.springframework.aop.framework.CglibAopProxy$DynamicAdvisedInterceptor.intercept(CglibAopProxy.java:688)\r\n	at me.zhengjie.modules.system.rest.UserController$$EnhancerBySpringCGLIB$$22164ed2.create(<generated>)\r\n	at sun.reflect.NativeMethodAccessorImpl.invoke0(Native Method)\r\n	at sun.reflect.NativeMethodAccessorImpl.invoke(NativeMethodAccessorImpl.java:62)\r\n	at sun.reflect.DelegatingMethodAccessorImpl.invoke(DelegatingMethodAccessorImpl.java:43)\r\n	at java.lang.reflect.Method.invoke(Method.java:498)\r\n	at org.springframework.web.method.support.InvocableHandlerMethod.doInvoke(InvocableHandlerMethod.java:215)\r\n	at org.springframework.web.method.support.InvocableHandlerMethod.invokeForRequest(InvocableHandlerMethod.java:142)\r\n	at org.springframework.web.servlet.mvc.method.annotation.ServletInvocableHandlerMethod.invokeAndHandle(ServletInvocableHandlerMethod.java:102)\r\n	at org.springframework.web.servlet.mvc.method.annotation.RequestMappingHandlerAdapter.invokeHandlerMethod(RequestMappingHandlerAdapter.java:895)\r\n	at org.springframework.web.servlet.mvc.method.annotation.RequestMappingHandlerAdapter.handleInternal(RequestMappingHandlerAdapter.java:800)\r\n	at org.springframework.web.servlet.mvc.method.AbstractHandlerMethodAdapter.handle(AbstractHandlerMethodAdapter.java:87)\r\n	at org.springframework.web.servlet.DispatcherServlet.doDispatch(DispatcherServlet.java:1038)\r\n	at org.springframework.web.servlet.DispatcherServlet.doService(DispatcherServlet.java:942)\r\n	at org.springframework.web.servlet.FrameworkServlet.processRequest(FrameworkServlet.java:998)\r\n	at org.springframework.web.servlet.FrameworkServlet.doPost(FrameworkServlet.java:901)\r\n	at javax.servlet.http.HttpServlet.service(HttpServlet.java:660)\r\n	at org.springframework.web.servlet.FrameworkServlet.service(FrameworkServlet.java:875)\r\n	at javax.servlet.http.HttpServlet.service(HttpServlet.java:741)\r\n	at org.apache.catalina.core.ApplicationFilterChain.internalDoFilter(ApplicationFilterChain.java:231)\r\n	at org.apache.catalina.core.ApplicationFilterChain.doFilter(ApplicationFilterChain.java:166)\r\n	at org.apache.tomcat.websocket.server.WsFilter.doFilter(WsFilter.java:53)\r\n	at org.apache.catalina.core.ApplicationFilterChain.internalDoFilter(ApplicationFilterChain.java:193)\r\n	at org.apache.catalina.core.ApplicationFilterChain.doFilter(ApplicationFilterChain.java:166)\r\n	at org.springframework.web.filter.OncePerRequestFilter.doFilter(OncePerRequestFilter.java:101)\r\n	at org.apache.catalina.core.ApplicationFilterChain.internalDoFilter(ApplicationFilterChain.java:193)\r\n	at org.apache.catalina.core.ApplicationFilterChain.doFilter(ApplicationFilterChain.java:166)\r\n	at com.alibaba.druid.support.http.WebStatFilter.doFilter(WebStatFilter.java:123)\r\n	at org.apache.catalina.core.ApplicationFilterChain.internalDoFilter(ApplicationFilterChain.java:193)\r\n	at org.apache.catalina.core.ApplicationFilterChain.doFilter(ApplicationFilterChain.java:166)\r\n	at org.springframework.security.web.FilterChainProxy$VirtualFilterChain.doFilter(FilterChainProxy.java:320)\r\n	at org.springframework.security.web.access.intercept.FilterSecurityInterceptor.invoke(FilterSecurityInterceptor.java:127)\r\n	at org.springframework.security.web.access.intercept.FilterSecurityInterceptor.doFilter(FilterSecurityInterceptor.java:91)\r\n	at org.springframework.security.web.FilterChainProxy$VirtualFilterChain.doFilter(FilterChainProxy.java:334)\r\n	at org.springframework.security.web.access.ExceptionTranslationFilter.doFilter(ExceptionTranslationFilter.java:119)\r\n	at org.springframework.security.web.FilterChainProxy$VirtualFilterChain.doFilter(FilterChainProxy.java:334)\r\n	at org.springframework.security.web.session.SessionManagementFilter.doFilter(SessionManagementFilter.java:137)\r\n	at org.springframework.security.web.FilterChainProxy$VirtualFilterChain.doFilter(FilterChainProxy.java:334)\r\n	at org.springframework.security.web.authentication.AnonymousAuthenticationFilter.doFilter(AnonymousAuthenticationFilter.java:111)\r\n	at org.springframework.security.web.FilterChainProxy$VirtualFilterChain.doFilter(FilterChainProxy.java:334)\r\n	at org.springframework.security.web.servletapi.SecurityContextHolderAwareRequestFilter.doFilter(SecurityContextHolderAwareRequestFilter.java:170)\r\n	at org.springframework.security.web.FilterChainProxy$VirtualFilterChain.doFilter(FilterChainProxy.java:334)\r\n	at org.springframework.security.web.savedrequest.RequestCacheAwareFilter.doFilter(RequestCacheAwareFilter.java:63)\r\n	at org.springframework.security.web.FilterChainProxy$VirtualFilterChain.doFilter(FilterChainProxy.java:334)\r\n	at me.zhengjie.modules.security.security.JwtAuthorizationTokenFilter.doFilterInternal(JwtAuthorizationTokenFilter.java:65)\r\n	at org.springframework.web.filter.OncePerRequestFilter.doFilter(OncePerRequestFilter.java:107)\r\n	at org.springframework.security.web.FilterChainProxy$VirtualFilterChain.doFilter(FilterChainProxy.java:334)\r\n	at org.springframework.security.web.authentication.logout.LogoutFilter.doFilter(LogoutFilter.java:116)\r\n	at org.springframework.security.web.FilterChainProxy$VirtualFilterChain.doFilter(FilterChainProxy.java:334)\r\n	at org.springframework.security.web.header.HeaderWriterFilter.doFilterInternal(HeaderWriterFilter.java:66)\r\n	at org.springframework.web.filter.OncePerRequestFilter.doFilter(OncePerRequestFilter.java:107)\r\n	at org.springframework.security.web.FilterChainProxy$VirtualFilterChain.doFilter(FilterChainProxy.java:334)\r\n	at org.springframework.security.web.context.SecurityContextPersistenceFilter.doFilter(SecurityContextPersistenceFilter.java:105)\r\n	at org.springframework.security.web.FilterChainProxy$VirtualFilterChain.doFilter(FilterChainProxy.java:334)\r\n	at org.springframework.security.web.context.request.async.WebAsyncManagerIntegrationFilter.doFilterInternal(WebAsyncManagerIntegrationFilter.java:56)\r\n	at org.springframework.web.filter.OncePerRequestFilter.doFilter(OncePerRequestFilter.java:107)\r\n	at org.springframework.security.web.FilterChainProxy$VirtualFilterChain.doFilter(FilterChainProxy.java:334)\r\n	at org.springframework.security.web.FilterChainProxy.doFilterInternal(FilterChainProxy.java:215)\r\n	at org.springframework.security.web.FilterChainProxy.doFilter(FilterChainProxy.java:178)\r\n	at org.springframework.web.filter.DelegatingFilterProxy.invokeDelegate(DelegatingFilterProxy.java:357)\r\n	at org.springframework.web.filter.DelegatingFilterProxy.doFilter(DelegatingFilterProxy.java:270)\r\n	at org.apache.catalina.core.ApplicationFilterChain.internalDoFilter(ApplicationFilterChain.java:193)\r\n	at org.apache.catalina.core.ApplicationFilterChain.doFilter(ApplicationFilterChain.java:166)\r\n	at org.springframework.web.filter.RequestContextFilter.doFilterInternal(RequestContextFilter.java:99)\r\n	at org.springframework.web.filter.OncePerRequestFilter.doFilter(OncePerRequestFilter.java:107)\r\n	at org.apache.catalina.core.ApplicationFilterChain.internalDoFilter(ApplicationFilterChain.java:193)\r\n	at org.apache.catalina.core.ApplicationFilterChain.doFilter(ApplicationFilterChain.java:166)\r\n	at org.springframework.web.filter.FormContentFilter.doFilterInternal(FormContentFilter.java:92)\r\n	at org.springframework.web.filter.OncePerRequestFilter.doFilter(OncePerRequestFilter.java:107)\r\n	at org.apache.catalina.core.ApplicationFilterChain.internalDoFilter(ApplicationFilterChain.java:193)\r\n	at org.apache.catalina.core.ApplicationFilterChain.doFilter(ApplicationFilterChain.java:166)\r\n	at org.springframework.web.filter.HiddenHttpMethodFilter.doFilterInternal(HiddenHttpMethodFilter.java:93)\r\n	at org.springframework.web.filter.OncePerRequestFilter.doFilter(OncePerRequestFilter.java:107)\r\n	at org.apache.catalina.core.ApplicationFilterChain.internalDoFilter(ApplicationFilterChain.java:193)\r\n	at org.apache.catalina.core.ApplicationFilterChain.doFilter(ApplicationFilterChain.java:166)\r\n	at org.springframework.web.filter.CharacterEncodingFilter.doFilterInternal(CharacterEncodingFilter.java:200)\r\n	at org.springframework.web.filter.OncePerRequestFilter.doFilter(OncePerRequestFilter.java:107)\r\n	at org.apache.catalina.core.ApplicationFilterChain.internalDoFilter(ApplicationFilterChain.java:193)\r\n	at org.apache.catalina.core.ApplicationFilterChain.doFilter(ApplicationFilterChain.java:166)\r\n	at org.apache.catalina.core.StandardWrapperValve.invoke(StandardWrapperValve.java:199)\r\n	at org.apache.catalina.core.StandardContextValve.invoke(StandardContextValve.java:96)\r\n	at org.apache.catalina.authenticator.AuthenticatorBase.invoke(AuthenticatorBase.java:490)\r\n	at org.apache.catalina.core.StandardHostValve.invoke(StandardHostValve.java:139)\r\n	at org.apache.catalina.valves.ErrorReportValve.invoke(ErrorReportValve.java:92)\r\n	at org.apache.catalina.core.StandardEngineValve.invoke(StandardEngineValve.java:74)\r\n	at org.apache.catalina.connector.CoyoteAdapter.service(CoyoteAdapter.java:343)\r\n	at org.apache.coyote.http11.Http11Processor.service(Http11Processor.java:408)\r\n	at org.apache.coyote.AbstractProcessorLight.process(AbstractProcessorLight.java:66)\r\n	at org.apache.coyote.AbstractProtocol$ConnectionHandler.process(AbstractProtocol.java:770)\r\n	at org.apache.tomcat.util.net.NioEndpoint$SocketProcessor.doRun(NioEndpoint.java:1415)\r\n	at org.apache.tomcat.util.net.SocketProcessorBase.run(SocketProcessorBase.java:49)\r\n	at java.util.concurrent.ThreadPoolExecutor.runWorker(ThreadPoolExecutor.java:1142)\r\n	at java.util.concurrent.ThreadPoolExecutor$Worker.run(ThreadPoolExecutor.java:617)\r\n	at org.apache.tomcat.util.threads.TaskThread$WrappingRunnable.run(TaskThread.java:61)\r\n	at java.lang.Thread.run(Thread.java:748)\r\n', 'ERROR', 'me.zhengjie.modules.system.rest.UserController.create()', '{ resources: User{id=null, username=\'占传森\', email=\'1110@qq.com\', enabled=false, password=\'null\', createTime=null, lastPasswordResetTime=null} }', '127.0.0.1', '25', 'admin', '内网IP');
INSERT INTO `log` VALUES ('14458', '2019-10-16 14:49:03', '部门详情', null, 'INFO', 'com.chuansen.modules.system.controller.DeptController.getDepts()', '{criteria:DeptQueryCriteria(ids=[], name=null, enabled=null, pid=null)}', '127.0.0.1', '189', 'admin', '内网IP');
INSERT INTO `log` VALUES ('14459', '2019-10-16 14:49:03', '查询字典详情', null, 'INFO', 'com.chuansen.modules.system.controller.DictDetailController.getDictDetail()', '{criteria:DictDetailQueryCriteria(label=null, dictName=user_status)pageable:Page request [number: 0, size 2000, sort: sort: ASC]}', '127.0.0.1', '102', 'admin', '内网IP');
INSERT INTO `log` VALUES ('14460', '2019-10-16 14:49:03', '查询用户', null, 'INFO', 'com.chuansen.modules.system.controller.UserController.getUsers()', '{criteria:UserQueryCriteria(id=null, deptIds=[], blurry=null, enabled=null, deptId=null)pageable:Page request [number: 0, size 10, sort: id: DESC]}', '127.0.0.1', '111', 'admin', '内网IP');
INSERT INTO `log` VALUES ('14461', '2019-10-16 14:49:49', '部门详情', null, 'INFO', 'com.chuansen.modules.system.controller.DeptController.getDepts()', '{criteria:DeptQueryCriteria(ids=[], name=null, enabled=true, pid=null)}', '127.0.0.1', '16', 'admin', '内网IP');
INSERT INTO `log` VALUES ('14462', '2019-10-16 14:49:49', '获取当前角色级别', null, 'INFO', 'com.chuansen.modules.system.controller.RoleController.getLevel()', '{}', '127.0.0.1', '58', 'admin', '内网IP');
INSERT INTO `log` VALUES ('14463', '2019-10-16 14:49:49', '获取所有的角色，新增用户时下拉选择', null, 'INFO', 'com.chuansen.modules.system.controller.RoleController.getAll()', '{pageable:Page request [number: 0, size 2000, sort: level: ASC]}', '127.0.0.1', '62', 'admin', '内网IP');
INSERT INTO `log` VALUES ('14464', '2019-10-16 14:50:13', '查询岗位', null, 'INFO', 'com.chuansen.modules.system.controller.JobController.getJobs()', '{criteria:JobQueryCriteria(name=null, enabled=null, deptId=18, deptIds=[])pageable:Page request [number: 0, size 2000, sort: UNSORTED]}', '127.0.0.1', '35', 'admin', '内网IP');
INSERT INTO `log` VALUES ('14465', '2019-10-16 14:50:17', '查询用户', null, 'INFO', 'com.chuansen.modules.system.controller.UserController.getUsers()', '{criteria:UserQueryCriteria(id=null, deptIds=[], blurry=null, enabled=null, deptId=null)pageable:Page request [number: 0, size 10, sort: id: DESC]}', '127.0.0.1', '43', 'admin', '内网IP');
INSERT INTO `log` VALUES ('14466', '2019-10-16 14:51:58', '部门详情', null, 'INFO', 'com.chuansen.modules.system.controller.DeptController.getDepts()', '{criteria:DeptQueryCriteria(ids=[], name=null, enabled=true, pid=null)}', '127.0.0.1', '2', 'admin', '内网IP');
INSERT INTO `log` VALUES ('14467', '2019-10-16 14:51:58', '获取当前角色级别', null, 'INFO', 'com.chuansen.modules.system.controller.RoleController.getLevel()', '{}', '127.0.0.1', '3', 'admin', '内网IP');
INSERT INTO `log` VALUES ('14468', '2019-10-16 14:51:58', '获取所有的角色，新增用户时下拉选择', null, 'INFO', 'com.chuansen.modules.system.controller.RoleController.getAll()', '{pageable:Page request [number: 0, size 2000, sort: level: ASC]}', '127.0.0.1', '20', 'admin', '内网IP');
INSERT INTO `log` VALUES ('14469', '2019-10-16 14:52:19', '查询岗位', null, 'INFO', 'com.chuansen.modules.system.controller.JobController.getJobs()', '{criteria:JobQueryCriteria(name=null, enabled=null, deptId=18, deptIds=[])pageable:Page request [number: 0, size 2000, sort: UNSORTED]}', '127.0.0.1', '14', 'admin', '内网IP');
INSERT INTO `log` VALUES ('14470', '2019-10-16 14:52:42', '查询用户', null, 'INFO', 'com.chuansen.modules.system.controller.UserController.getUsers()', '{criteria:UserQueryCriteria(id=null, deptIds=[], blurry=null, enabled=null, deptId=null)pageable:Page request [number: 0, size 10, sort: id: DESC]}', '127.0.0.1', '28', 'admin', '内网IP');
INSERT INTO `log` VALUES ('14471', '2019-10-16 14:55:32', '查询权限', null, 'INFO', 'com.chuansen.modules.system.controller.PermissionController.getPermissions()', '{criteria:PermissionQueryCriteria(blurry=null)}', '127.0.0.1', '40', 'admin', '内网IP');
INSERT INTO `log` VALUES ('14472', '2019-10-16 14:55:36', '返回全部的权限，新增角色时下拉选择', null, 'INFO', 'com.chuansen.modules.system.controller.PermissionController.getAll()', '{}', '127.0.0.1', '96', 'admin', '内网IP');
INSERT INTO `log` VALUES ('14473', '2019-10-16 14:55:43', '新增权限', null, 'INFO', 'com.chuansen.modules.system.controller.PermissionController.save()', '{permission:Permission{id=65, name=\'111\', pid=0, alias=\'111\', createTime=2019-10-16 14:55:43.843}}', '127.0.0.1', '34', 'admin', '内网IP');
INSERT INTO `log` VALUES ('14474', '2019-10-16 14:55:44', '查询权限', null, 'INFO', 'com.chuansen.modules.system.controller.PermissionController.getPermissions()', '{criteria:PermissionQueryCriteria(blurry=null)}', '127.0.0.1', '10', 'admin', '内网IP');
INSERT INTO `log` VALUES ('14475', '2019-10-16 14:55:48', '返回全部的权限，新增角色时下拉选择', null, 'INFO', 'com.chuansen.modules.system.controller.PermissionController.getAll()', '{}', '127.0.0.1', '87', 'admin', '内网IP');
INSERT INTO `log` VALUES ('14476', '2019-10-16 14:56:02', '查询权限', null, 'INFO', 'com.chuansen.modules.system.controller.PermissionController.getPermissions()', '{criteria:PermissionQueryCriteria(blurry=null)}', '127.0.0.1', '8', 'admin', '内网IP');
INSERT INTO `log` VALUES ('14477', '2019-10-16 14:56:59', '查询权限', null, 'INFO', 'com.chuansen.modules.system.controller.PermissionController.getPermissions()', '{criteria:PermissionQueryCriteria(blurry=null)}', '127.0.0.1', '5', 'admin', '内网IP');
INSERT INTO `log` VALUES ('14478', '2019-10-16 14:57:03', '查询权限', null, 'INFO', 'com.chuansen.modules.system.controller.PermissionController.getPermissions()', '{criteria:PermissionQueryCriteria(blurry=null)}', '127.0.0.1', '6', 'admin', '内网IP');
INSERT INTO `log` VALUES ('14479', '2019-10-16 14:57:08', '查询权限', null, 'INFO', 'com.chuansen.modules.system.controller.PermissionController.getPermissions()', '{criteria:PermissionQueryCriteria(blurry=null)}', '127.0.0.1', '9', 'admin', '内网IP');
INSERT INTO `log` VALUES ('14480', '2019-10-16 14:57:17', '查询权限', null, 'INFO', 'com.chuansen.modules.system.controller.PermissionController.getPermissions()', '{criteria:PermissionQueryCriteria(blurry=null)}', '127.0.0.1', '10', 'admin', '内网IP');
INSERT INTO `log` VALUES ('14481', '2019-10-16 14:57:21', '查询权限', null, 'INFO', 'com.chuansen.modules.system.controller.PermissionController.getPermissions()', '{criteria:PermissionQueryCriteria(blurry=null)}', '127.0.0.1', '6', 'admin', '内网IP');
INSERT INTO `log` VALUES ('14482', '2019-10-16 14:57:25', '查询权限', null, 'INFO', 'com.chuansen.modules.system.controller.PermissionController.getPermissions()', '{criteria:PermissionQueryCriteria(blurry=null)}', '127.0.0.1', '4', 'admin', '内网IP');
INSERT INTO `log` VALUES ('14483', '2019-10-16 14:58:19', '查询权限', null, 'INFO', 'com.chuansen.modules.system.controller.PermissionController.getPermissions()', '{criteria:PermissionQueryCriteria(blurry=null)}', '127.0.0.1', '7', 'admin', '内网IP');
INSERT INTO `log` VALUES ('14484', '2019-10-16 15:02:22', '查询权限', null, 'INFO', 'com.chuansen.modules.system.controller.PermissionController.getPermissions()', '{criteria:PermissionQueryCriteria(blurry=null)}', '127.0.0.1', '64', 'admin', '内网IP');
INSERT INTO `log` VALUES ('14485', '2019-10-16 15:02:32', '查询权限', null, 'INFO', 'com.chuansen.modules.system.controller.PermissionController.getPermissions()', '{criteria:PermissionQueryCriteria(blurry=null)}', '127.0.0.1', '17', 'admin', '内网IP');
INSERT INTO `log` VALUES ('14486', '2019-10-16 15:03:50', '查询权限', null, 'INFO', 'com.chuansen.modules.system.controller.PermissionController.getPermissions()', '{criteria:PermissionQueryCriteria(blurry=null)}', '127.0.0.1', '13', 'admin', '内网IP');
INSERT INTO `log` VALUES ('14487', '2019-10-16 15:03:55', '查询权限', null, 'INFO', 'com.chuansen.modules.system.controller.PermissionController.getPermissions()', '{criteria:PermissionQueryCriteria(blurry=null)}', '127.0.0.1', '10', 'admin', '内网IP');
INSERT INTO `log` VALUES ('14488', '2019-10-16 15:04:09', '返回全部的权限，新增角色时下拉选择', null, 'INFO', 'com.chuansen.modules.system.controller.PermissionController.getAll()', '{}', '127.0.0.1', '144', 'admin', '内网IP');
INSERT INTO `log` VALUES ('14489', '2019-10-16 15:04:17', '新增权限', null, 'INFO', 'com.chuansen.modules.system.controller.PermissionController.save()', '{permission:Permission{id=66, name=\'11\', pid=0, alias=\'111\', createTime=2019-10-16 15:04:17.975}}', '127.0.0.1', '43', 'admin', '内网IP');
INSERT INTO `log` VALUES ('14490', '2019-10-16 15:04:18', '查询权限', null, 'INFO', 'com.chuansen.modules.system.controller.PermissionController.getPermissions()', '{criteria:PermissionQueryCriteria(blurry=null)}', '127.0.0.1', '10', 'admin', '内网IP');
INSERT INTO `log` VALUES ('14491', '2019-10-16 15:04:22', '查询权限', null, 'INFO', 'com.chuansen.modules.system.controller.PermissionController.getPermissions()', '{criteria:PermissionQueryCriteria(blurry=null)}', '127.0.0.1', '10', 'admin', '内网IP');
INSERT INTO `log` VALUES ('14492', '2019-10-16 15:04:26', '返回全部的权限，新增角色时下拉选择', null, 'INFO', 'com.chuansen.modules.system.controller.PermissionController.getAll()', '{}', '127.0.0.1', '142', 'admin', '内网IP');
INSERT INTO `log` VALUES ('14493', '2019-10-16 15:04:31', '新增权限', null, 'INFO', 'com.chuansen.modules.system.controller.PermissionController.save()', '{permission:Permission{id=67, name=\'111\', pid=66, alias=\'1111\', createTime=2019-10-16 15:04:31.798}}', '127.0.0.1', '9', 'admin', '内网IP');
INSERT INTO `log` VALUES ('14494', '2019-10-16 15:04:32', '查询权限', null, 'INFO', 'com.chuansen.modules.system.controller.PermissionController.getPermissions()', '{criteria:PermissionQueryCriteria(blurry=null)}', '127.0.0.1', '8', 'admin', '内网IP');
INSERT INTO `log` VALUES ('14495', '2019-10-16 15:04:35', '查询权限', null, 'INFO', 'com.chuansen.modules.system.controller.PermissionController.getPermissions()', '{criteria:PermissionQueryCriteria(blurry=null)}', '127.0.0.1', '7', 'admin', '内网IP');
INSERT INTO `log` VALUES ('14496', '2019-10-16 15:04:39', '查询权限', null, 'INFO', 'com.chuansen.modules.system.controller.PermissionController.getPermissions()', '{criteria:PermissionQueryCriteria(blurry=null)}', '127.0.0.1', '9', 'admin', '内网IP');
INSERT INTO `log` VALUES ('14497', '2019-10-16 15:08:36', '查询权限', null, 'INFO', 'com.chuansen.modules.system.controller.PermissionController.getPermissions()', '{criteria:PermissionQueryCriteria(blurry=null)}', '127.0.0.1', '84', 'admin', '内网IP');
INSERT INTO `log` VALUES ('14498', '2019-10-16 15:08:42', '删除权限', null, 'INFO', 'com.chuansen.modules.system.controller.PermissionController.delete()', '{id:67}', '127.0.0.1', '92', 'admin', '内网IP');
INSERT INTO `log` VALUES ('14499', '2019-10-16 15:08:42', '查询权限', null, 'INFO', 'com.chuansen.modules.system.controller.PermissionController.getPermissions()', '{criteria:PermissionQueryCriteria(blurry=null)}', '127.0.0.1', '13', 'admin', '内网IP');
INSERT INTO `log` VALUES ('14500', '2019-10-16 15:08:45', '删除权限', null, 'INFO', 'com.chuansen.modules.system.controller.PermissionController.delete()', '{id:66}', '127.0.0.1', '12', 'admin', '内网IP');
INSERT INTO `log` VALUES ('14501', '2019-10-16 15:08:45', '查询权限', null, 'INFO', 'com.chuansen.modules.system.controller.PermissionController.getPermissions()', '{criteria:PermissionQueryCriteria(blurry=null)}', '127.0.0.1', '9', 'admin', '内网IP');
INSERT INTO `log` VALUES ('14502', '2019-10-16 15:08:48', '查询权限', null, 'INFO', 'com.chuansen.modules.system.controller.PermissionController.getPermissions()', '{criteria:PermissionQueryCriteria(blurry=null)}', '127.0.0.1', '8', 'admin', '内网IP');
INSERT INTO `log` VALUES ('14503', '2019-10-16 15:08:51', '返回全部的权限，新增角色时下拉选择', null, 'INFO', 'com.chuansen.modules.system.controller.PermissionController.getAll()', '{}', '127.0.0.1', '142', 'admin', '内网IP');
INSERT INTO `log` VALUES ('14504', '2019-10-16 15:08:53', '新增权限', null, 'INFO', 'com.chuansen.modules.system.controller.PermissionController.save()', '{permission:Permission{id=68, name=\'11\', pid=0, alias=\'111\', createTime=2019-10-16 15:08:53.354}}', '127.0.0.1', '34', 'admin', '内网IP');
INSERT INTO `log` VALUES ('14505', '2019-10-16 15:08:53', '查询权限', null, 'INFO', 'com.chuansen.modules.system.controller.PermissionController.getPermissions()', '{criteria:PermissionQueryCriteria(blurry=null)}', '127.0.0.1', '9', 'admin', '内网IP');
INSERT INTO `log` VALUES ('14506', '2019-10-16 15:08:56', '删除权限', null, 'INFO', 'com.chuansen.modules.system.controller.PermissionController.delete()', '{id:68}', '127.0.0.1', '10', 'admin', '内网IP');
INSERT INTO `log` VALUES ('14507', '2019-10-16 15:08:57', '查询权限', null, 'INFO', 'com.chuansen.modules.system.controller.PermissionController.getPermissions()', '{criteria:PermissionQueryCriteria(blurry=null)}', '127.0.0.1', '8', 'admin', '内网IP');
INSERT INTO `log` VALUES ('14508', '2019-10-16 15:09:47', '部门详情', null, 'INFO', 'com.chuansen.modules.system.controller.DeptController.getDepts()', '{criteria:DeptQueryCriteria(ids=[], name=null, enabled=null, pid=null)}', '127.0.0.1', '13', 'admin', '内网IP');
INSERT INTO `log` VALUES ('14509', '2019-10-16 15:09:47', '查询字典详情', null, 'INFO', 'com.chuansen.modules.system.controller.DictDetailController.getDictDetail()', '{criteria:DictDetailQueryCriteria(label=null, dictName=user_status)pageable:Page request [number: 0, size 2000, sort: sort: ASC]}', '127.0.0.1', '46', 'admin', '内网IP');
INSERT INTO `log` VALUES ('14510', '2019-10-16 15:09:47', '查询用户', null, 'INFO', 'com.chuansen.modules.system.controller.UserController.getUsers()', '{criteria:UserQueryCriteria(id=null, deptIds=[], blurry=null, enabled=null, deptId=null)pageable:Page request [number: 0, size 10, sort: id: DESC]}', '127.0.0.1', '78', 'admin', '内网IP');
INSERT INTO `log` VALUES ('14511', '2019-10-16 15:10:20', '查询权限', null, 'INFO', 'com.chuansen.modules.system.controller.PermissionController.getPermissions()', '{criteria:PermissionQueryCriteria(blurry=null)}', '127.0.0.1', '7', 'admin', '内网IP');
INSERT INTO `log` VALUES ('14512', '2019-10-16 15:10:52', '查询菜单', null, 'INFO', 'com.chuansen.modules.system.controller.MenuController.getMenus()', '{criteria:MenuQueryCriteria(blurry=null)}', '127.0.0.1', '30', 'admin', '内网IP');
INSERT INTO `log` VALUES ('14513', '2019-10-16 15:10:54', '返回所有菜单', null, 'INFO', 'com.chuansen.modules.system.controller.MenuController.getMenuTree()', '{}', '127.0.0.1', '56', 'admin', '内网IP');
INSERT INTO `log` VALUES ('14514', '2019-10-16 15:11:41', '查询菜单', null, 'INFO', 'com.chuansen.modules.system.controller.MenuController.getMenus()', '{criteria:MenuQueryCriteria(blurry=null)}', '127.0.0.1', '8', 'admin', '内网IP');
INSERT INTO `log` VALUES ('14515', '2019-10-16 15:11:50', '返回所有菜单', null, 'INFO', 'com.chuansen.modules.system.controller.MenuController.getMenuTree()', '{}', '127.0.0.1', '53', 'admin', '内网IP');
INSERT INTO `log` VALUES ('14516', '2019-10-16 15:12:14', '查询菜单', null, 'INFO', 'com.chuansen.modules.system.controller.MenuController.getMenus()', '{criteria:MenuQueryCriteria(blurry=null)}', '127.0.0.1', '11', 'admin', '内网IP');
INSERT INTO `log` VALUES ('14517', '2019-10-16 15:13:07', '部门详情', null, 'INFO', 'com.chuansen.modules.system.controller.DeptController.getDepts()', '{criteria:DeptQueryCriteria(ids=[], name=null, enabled=null, pid=null)}', '127.0.0.1', '38', 'admin', '内网IP');
INSERT INTO `log` VALUES ('14518', '2019-10-16 15:13:08', '查询字典详情', null, 'INFO', 'com.chuansen.modules.system.controller.DictDetailController.getDictDetail()', '{criteria:DictDetailQueryCriteria(label=null, dictName=user_status)pageable:Page request [number: 0, size 2000, sort: sort: ASC]}', '127.0.0.1', '8', 'admin', '内网IP');
INSERT INTO `log` VALUES ('14519', '2019-10-16 15:13:08', '查询用户', null, 'INFO', 'com.chuansen.modules.system.controller.UserController.getUsers()', '{criteria:UserQueryCriteria(id=null, deptIds=[], blurry=null, enabled=null, deptId=null)pageable:Page request [number: 0, size 10, sort: id: DESC]}', '127.0.0.1', '62', 'admin', '内网IP');
INSERT INTO `log` VALUES ('14520', '2019-10-16 15:13:10', '部门详情', null, 'INFO', 'com.chuansen.modules.system.controller.DeptController.getDepts()', '{criteria:DeptQueryCriteria(ids=[], name=null, enabled=true, pid=null)}', '127.0.0.1', '51', 'admin', '内网IP');
INSERT INTO `log` VALUES ('14521', '2019-10-16 15:13:10', '获取当前角色级别', null, 'INFO', 'com.chuansen.modules.system.controller.RoleController.getLevel()', '{}', '127.0.0.1', '11', 'admin', '内网IP');
INSERT INTO `log` VALUES ('14522', '2019-10-16 15:13:10', '获取所有的角色，新增用户时下拉选择', null, 'INFO', 'com.chuansen.modules.system.controller.RoleController.getAll()', '{pageable:Page request [number: 0, size 2000, sort: level: ASC]}', '127.0.0.1', '39', 'admin', '内网IP');
INSERT INTO `log` VALUES ('14523', '2019-10-16 15:13:37', '查询岗位', null, 'INFO', 'com.chuansen.modules.system.controller.JobController.getJobs()', '{criteria:JobQueryCriteria(name=null, enabled=null, deptId=18, deptIds=[])pageable:Page request [number: 0, size 2000, sort: UNSORTED]}', '127.0.0.1', '30', 'admin', '内网IP');
INSERT INTO `log` VALUES ('14524', '2019-10-16 15:13:43', '查询用户', null, 'INFO', 'com.chuansen.modules.system.controller.UserController.getUsers()', '{criteria:UserQueryCriteria(id=null, deptIds=[], blurry=null, enabled=null, deptId=null)pageable:Page request [number: 0, size 10, sort: id: DESC]}', '127.0.0.1', '30', 'admin', '内网IP');
INSERT INTO `log` VALUES ('14525', '2019-10-16 15:14:27', '新增用户', 'me.zhengjie.exception.EntityExistException: User 已存在 {username=占传森}\r\n	at me.zhengjie.modules.system.service.impl.UserServiceImpl.create(UserServiceImpl.java:82)\r\n	at me.zhengjie.modules.system.service.impl.UserServiceImpl$$FastClassBySpringCGLIB$$501bea8b.invoke(<generated>)\r\n	at org.springframework.cglib.proxy.MethodProxy.invoke(MethodProxy.java:218)\r\n	at org.springframework.aop.framework.CglibAopProxy$CglibMethodInvocation.invokeJoinpoint(CglibAopProxy.java:746)\r\n	at org.springframework.aop.framework.ReflectiveMethodInvocation.proceed(ReflectiveMethodInvocation.java:163)\r\n	at org.springframework.transaction.interceptor.TransactionAspectSupport.invokeWithinTransaction(TransactionAspectSupport.java:294)\r\n	at org.springframework.transaction.interceptor.TransactionInterceptor.invoke(TransactionInterceptor.java:98)\r\n	at org.springframework.aop.framework.ReflectiveMethodInvocation.proceed(ReflectiveMethodInvocation.java:186)\r\n	at org.springframework.cache.interceptor.CacheInterceptor.lambda$invoke$0(CacheInterceptor.java:53)\r\n	at org.springframework.cache.interceptor.CacheAspectSupport.invokeOperation(CacheAspectSupport.java:365)\r\n	at org.springframework.cache.interceptor.CacheAspectSupport.execute(CacheAspectSupport.java:420)\r\n	at org.springframework.cache.interceptor.CacheAspectSupport.execute(CacheAspectSupport.java:345)\r\n	at org.springframework.cache.interceptor.CacheInterceptor.invoke(CacheInterceptor.java:61)\r\n	at org.springframework.aop.framework.ReflectiveMethodInvocation.proceed(ReflectiveMethodInvocation.java:186)\r\n	at org.springframework.aop.framework.CglibAopProxy$DynamicAdvisedInterceptor.intercept(CglibAopProxy.java:688)\r\n	at me.zhengjie.modules.system.service.impl.UserServiceImpl$$EnhancerBySpringCGLIB$$af576b12.create(<generated>)\r\n	at me.zhengjie.modules.system.rest.UserController.create(UserController.java:108)\r\n	at me.zhengjie.modules.system.rest.UserController$$FastClassBySpringCGLIB$$2bb70b4b.invoke(<generated>)\r\n	at org.springframework.cglib.proxy.MethodProxy.invoke(MethodProxy.java:218)\r\n	at org.springframework.aop.framework.CglibAopProxy$CglibMethodInvocation.invokeJoinpoint(CglibAopProxy.java:746)\r\n	at org.springframework.aop.framework.ReflectiveMethodInvocation.proceed(ReflectiveMethodInvocation.java:163)\r\n	at org.springframework.aop.aspectj.MethodInvocationProceedingJoinPoint.proceed(MethodInvocationProceedingJoinPoint.java:88)\r\n	at me.zhengjie.aspect.LogAspect.logAround(LogAspect.java:53)\r\n	at sun.reflect.NativeMethodAccessorImpl.invoke0(Native Method)\r\n	at sun.reflect.NativeMethodAccessorImpl.invoke(NativeMethodAccessorImpl.java:62)\r\n	at sun.reflect.DelegatingMethodAccessorImpl.invoke(DelegatingMethodAccessorImpl.java:43)\r\n	at java.lang.reflect.Method.invoke(Method.java:498)\r\n	at org.springframework.aop.aspectj.AbstractAspectJAdvice.invokeAdviceMethodWithGivenArgs(AbstractAspectJAdvice.java:644)\r\n	at org.springframework.aop.aspectj.AbstractAspectJAdvice.invokeAdviceMethod(AbstractAspectJAdvice.java:633)\r\n	at org.springframework.aop.aspectj.AspectJAroundAdvice.invoke(AspectJAroundAdvice.java:70)\r\n	at org.springframework.aop.framework.ReflectiveMethodInvocation.proceed(ReflectiveMethodInvocation.java:175)\r\n	at org.springframework.aop.aspectj.AspectJAfterThrowingAdvice.invoke(AspectJAfterThrowingAdvice.java:62)\r\n	at org.springframework.aop.framework.ReflectiveMethodInvocation.proceed(ReflectiveMethodInvocation.java:175)\r\n	at org.springframework.security.access.intercept.aopalliance.MethodSecurityInterceptor.invoke(MethodSecurityInterceptor.java:69)\r\n	at org.springframework.aop.framework.ReflectiveMethodInvocation.proceed(ReflectiveMethodInvocation.java:186)\r\n	at org.springframework.aop.interceptor.ExposeInvocationInterceptor.invoke(ExposeInvocationInterceptor.java:93)\r\n	at org.springframework.aop.framework.ReflectiveMethodInvocation.proceed(ReflectiveMethodInvocation.java:186)\r\n	at org.springframework.aop.framework.CglibAopProxy$DynamicAdvisedInterceptor.intercept(CglibAopProxy.java:688)\r\n	at me.zhengjie.modules.system.rest.UserController$$EnhancerBySpringCGLIB$$d0e2404f.create(<generated>)\r\n	at sun.reflect.NativeMethodAccessorImpl.invoke0(Native Method)\r\n	at sun.reflect.NativeMethodAccessorImpl.invoke(NativeMethodAccessorImpl.java:62)\r\n	at sun.reflect.DelegatingMethodAccessorImpl.invoke(DelegatingMethodAccessorImpl.java:43)\r\n	at java.lang.reflect.Method.invoke(Method.java:498)\r\n	at org.springframework.web.method.support.InvocableHandlerMethod.doInvoke(InvocableHandlerMethod.java:215)\r\n	at org.springframework.web.method.support.InvocableHandlerMethod.invokeForRequest(InvocableHandlerMethod.java:142)\r\n	at org.springframework.web.servlet.mvc.method.annotation.ServletInvocableHandlerMethod.invokeAndHandle(ServletInvocableHandlerMethod.java:102)\r\n	at org.springframework.web.servlet.mvc.method.annotation.RequestMappingHandlerAdapter.invokeHandlerMethod(RequestMappingHandlerAdapter.java:895)\r\n	at org.springframework.web.servlet.mvc.method.annotation.RequestMappingHandlerAdapter.handleInternal(RequestMappingHandlerAdapter.java:800)\r\n	at org.springframework.web.servlet.mvc.method.AbstractHandlerMethodAdapter.handle(AbstractHandlerMethodAdapter.java:87)\r\n	at org.springframework.web.servlet.DispatcherServlet.doDispatch(DispatcherServlet.java:1038)\r\n	at org.springframework.web.servlet.DispatcherServlet.doService(DispatcherServlet.java:942)\r\n	at org.springframework.web.servlet.FrameworkServlet.processRequest(FrameworkServlet.java:998)\r\n	at org.springframework.web.servlet.FrameworkServlet.doPost(FrameworkServlet.java:901)\r\n	at javax.servlet.http.HttpServlet.service(HttpServlet.java:660)\r\n	at org.springframework.web.servlet.FrameworkServlet.service(FrameworkServlet.java:875)\r\n	at javax.servlet.http.HttpServlet.service(HttpServlet.java:741)\r\n	at org.apache.catalina.core.ApplicationFilterChain.internalDoFilter(ApplicationFilterChain.java:231)\r\n	at org.apache.catalina.core.ApplicationFilterChain.doFilter(ApplicationFilterChain.java:166)\r\n	at org.apache.tomcat.websocket.server.WsFilter.doFilter(WsFilter.java:53)\r\n	at org.apache.catalina.core.ApplicationFilterChain.internalDoFilter(ApplicationFilterChain.java:193)\r\n	at org.apache.catalina.core.ApplicationFilterChain.doFilter(ApplicationFilterChain.java:166)\r\n	at org.springframework.web.filter.OncePerRequestFilter.doFilter(OncePerRequestFilter.java:101)\r\n	at org.apache.catalina.core.ApplicationFilterChain.internalDoFilter(ApplicationFilterChain.java:193)\r\n	at org.apache.catalina.core.ApplicationFilterChain.doFilter(ApplicationFilterChain.java:166)\r\n	at com.alibaba.druid.support.http.WebStatFilter.doFilter(WebStatFilter.java:123)\r\n	at org.apache.catalina.core.ApplicationFilterChain.internalDoFilter(ApplicationFilterChain.java:193)\r\n	at org.apache.catalina.core.ApplicationFilterChain.doFilter(ApplicationFilterChain.java:166)\r\n	at org.springframework.security.web.FilterChainProxy$VirtualFilterChain.doFilter(FilterChainProxy.java:320)\r\n	at org.springframework.security.web.access.intercept.FilterSecurityInterceptor.invoke(FilterSecurityInterceptor.java:127)\r\n	at org.springframework.security.web.access.intercept.FilterSecurityInterceptor.doFilter(FilterSecurityInterceptor.java:91)\r\n	at org.springframework.security.web.FilterChainProxy$VirtualFilterChain.doFilter(FilterChainProxy.java:334)\r\n	at org.springframework.security.web.access.ExceptionTranslationFilter.doFilter(ExceptionTranslationFilter.java:119)\r\n	at org.springframework.security.web.FilterChainProxy$VirtualFilterChain.doFilter(FilterChainProxy.java:334)\r\n	at org.springframework.security.web.session.SessionManagementFilter.doFilter(SessionManagementFilter.java:137)\r\n	at org.springframework.security.web.FilterChainProxy$VirtualFilterChain.doFilter(FilterChainProxy.java:334)\r\n	at org.springframework.security.web.authentication.AnonymousAuthenticationFilter.doFilter(AnonymousAuthenticationFilter.java:111)\r\n	at org.springframework.security.web.FilterChainProxy$VirtualFilterChain.doFilter(FilterChainProxy.java:334)\r\n	at org.springframework.security.web.servletapi.SecurityContextHolderAwareRequestFilter.doFilter(SecurityContextHolderAwareRequestFilter.java:170)\r\n	at org.springframework.security.web.FilterChainProxy$VirtualFilterChain.doFilter(FilterChainProxy.java:334)\r\n	at org.springframework.security.web.savedrequest.RequestCacheAwareFilter.doFilter(RequestCacheAwareFilter.java:63)\r\n	at org.springframework.security.web.FilterChainProxy$VirtualFilterChain.doFilter(FilterChainProxy.java:334)\r\n	at me.zhengjie.modules.security.security.JwtAuthorizationTokenFilter.doFilterInternal(JwtAuthorizationTokenFilter.java:65)\r\n	at org.springframework.web.filter.OncePerRequestFilter.doFilter(OncePerRequestFilter.java:107)\r\n	at org.springframework.security.web.FilterChainProxy$VirtualFilterChain.doFilter(FilterChainProxy.java:334)\r\n	at org.springframework.security.web.authentication.logout.LogoutFilter.doFilter(LogoutFilter.java:116)\r\n	at org.springframework.security.web.FilterChainProxy$VirtualFilterChain.doFilter(FilterChainProxy.java:334)\r\n	at org.springframework.security.web.header.HeaderWriterFilter.doFilterInternal(HeaderWriterFilter.java:66)\r\n	at org.springframework.web.filter.OncePerRequestFilter.doFilter(OncePerRequestFilter.java:107)\r\n	at org.springframework.security.web.FilterChainProxy$VirtualFilterChain.doFilter(FilterChainProxy.java:334)\r\n	at org.springframework.security.web.context.SecurityContextPersistenceFilter.doFilter(SecurityContextPersistenceFilter.java:105)\r\n	at org.springframework.security.web.FilterChainProxy$VirtualFilterChain.doFilter(FilterChainProxy.java:334)\r\n	at org.springframework.security.web.context.request.async.WebAsyncManagerIntegrationFilter.doFilterInternal(WebAsyncManagerIntegrationFilter.java:56)\r\n	at org.springframework.web.filter.OncePerRequestFilter.doFilter(OncePerRequestFilter.java:107)\r\n	at org.springframework.security.web.FilterChainProxy$VirtualFilterChain.doFilter(FilterChainProxy.java:334)\r\n	at org.springframework.security.web.FilterChainProxy.doFilterInternal(FilterChainProxy.java:215)\r\n	at org.springframework.security.web.FilterChainProxy.doFilter(FilterChainProxy.java:178)\r\n	at org.springframework.web.filter.DelegatingFilterProxy.invokeDelegate(DelegatingFilterProxy.java:357)\r\n	at org.springframework.web.filter.DelegatingFilterProxy.doFilter(DelegatingFilterProxy.java:270)\r\n	at org.apache.catalina.core.ApplicationFilterChain.internalDoFilter(ApplicationFilterChain.java:193)\r\n	at org.apache.catalina.core.ApplicationFilterChain.doFilter(ApplicationFilterChain.java:166)\r\n	at org.springframework.web.filter.RequestContextFilter.doFilterInternal(RequestContextFilter.java:99)\r\n	at org.springframework.web.filter.OncePerRequestFilter.doFilter(OncePerRequestFilter.java:107)\r\n	at org.apache.catalina.core.ApplicationFilterChain.internalDoFilter(ApplicationFilterChain.java:193)\r\n	at org.apache.catalina.core.ApplicationFilterChain.doFilter(ApplicationFilterChain.java:166)\r\n	at org.springframework.web.filter.FormContentFilter.doFilterInternal(FormContentFilter.java:92)\r\n	at org.springframework.web.filter.OncePerRequestFilter.doFilter(OncePerRequestFilter.java:107)\r\n	at org.apache.catalina.core.ApplicationFilterChain.internalDoFilter(ApplicationFilterChain.java:193)\r\n	at org.apache.catalina.core.ApplicationFilterChain.doFilter(ApplicationFilterChain.java:166)\r\n	at org.springframework.web.filter.HiddenHttpMethodFilter.doFilterInternal(HiddenHttpMethodFilter.java:93)\r\n	at org.springframework.web.filter.OncePerRequestFilter.doFilter(OncePerRequestFilter.java:107)\r\n	at org.apache.catalina.core.ApplicationFilterChain.internalDoFilter(ApplicationFilterChain.java:193)\r\n	at org.apache.catalina.core.ApplicationFilterChain.doFilter(ApplicationFilterChain.java:166)\r\n	at org.springframework.web.filter.CharacterEncodingFilter.doFilterInternal(CharacterEncodingFilter.java:200)\r\n	at org.springframework.web.filter.OncePerRequestFilter.doFilter(OncePerRequestFilter.java:107)\r\n	at org.apache.catalina.core.ApplicationFilterChain.internalDoFilter(ApplicationFilterChain.java:193)\r\n	at org.apache.catalina.core.ApplicationFilterChain.doFilter(ApplicationFilterChain.java:166)\r\n	at org.apache.catalina.core.StandardWrapperValve.invoke(StandardWrapperValve.java:199)\r\n	at org.apache.catalina.core.StandardContextValve.invoke(StandardContextValve.java:96)\r\n	at org.apache.catalina.authenticator.AuthenticatorBase.invoke(AuthenticatorBase.java:490)\r\n	at org.apache.catalina.core.StandardHostValve.invoke(StandardHostValve.java:139)\r\n	at org.apache.catalina.valves.ErrorReportValve.invoke(ErrorReportValve.java:92)\r\n	at org.apache.catalina.core.StandardEngineValve.invoke(StandardEngineValve.java:74)\r\n	at org.apache.catalina.connector.CoyoteAdapter.service(CoyoteAdapter.java:343)\r\n	at org.apache.coyote.http11.Http11Processor.service(Http11Processor.java:408)\r\n	at org.apache.coyote.AbstractProcessorLight.process(AbstractProcessorLight.java:66)\r\n	at org.apache.coyote.AbstractProtocol$ConnectionHandler.process(AbstractProtocol.java:770)\r\n	at org.apache.tomcat.util.net.NioEndpoint$SocketProcessor.doRun(NioEndpoint.java:1415)\r\n	at org.apache.tomcat.util.net.SocketProcessorBase.run(SocketProcessorBase.java:49)\r\n	at java.util.concurrent.ThreadPoolExecutor.runWorker(ThreadPoolExecutor.java:1142)\r\n	at java.util.concurrent.ThreadPoolExecutor$Worker.run(ThreadPoolExecutor.java:617)\r\n	at org.apache.tomcat.util.threads.TaskThread$WrappingRunnable.run(TaskThread.java:61)\r\n	at java.lang.Thread.run(Thread.java:748)\r\n', 'ERROR', 'me.zhengjie.modules.system.rest.UserController.create()', '{ resources: User{id=null, username=\'占传森\', email=\'1110@qq.com\', enabled=false, password=\'null\', createTime=null, lastPasswordResetTime=null} }', '127.0.0.1', '7387', 'admin', '内网IP');
INSERT INTO `log` VALUES ('14526', '2019-10-16 15:27:17', '部门详情', null, 'INFO', 'com.chuansen.modules.system.controller.DeptController.getDepts()', '{criteria:DeptQueryCriteria(ids=[], name=null, enabled=null, pid=null)}', '127.0.0.1', '212', 'admin', '内网IP');
INSERT INTO `log` VALUES ('14527', '2019-10-16 15:27:17', '查询字典详情', null, 'INFO', 'com.chuansen.modules.system.controller.DictDetailController.getDictDetail()', '{criteria:DictDetailQueryCriteria(label=null, dictName=user_status)pageable:Page request [number: 0, size 2000, sort: sort: ASC]}', '127.0.0.1', '74', 'admin', '内网IP');
INSERT INTO `log` VALUES ('14528', '2019-10-16 15:27:17', '查询用户', null, 'INFO', 'com.chuansen.modules.system.controller.UserController.getUsers()', '{criteria:UserQueryCriteria(id=null, deptIds=[], blurry=null, enabled=null, deptId=null)pageable:Page request [number: 0, size 10, sort: id: DESC]}', '127.0.0.1', '121', 'admin', '内网IP');
INSERT INTO `log` VALUES ('14529', '2019-10-16 15:27:24', '获取当前角色级别', null, 'INFO', 'com.chuansen.modules.system.controller.RoleController.getLevel()', '{}', '127.0.0.1', '8', 'admin', '内网IP');
INSERT INTO `log` VALUES ('14530', '2019-10-16 15:27:24', '部门详情', null, 'INFO', 'com.chuansen.modules.system.controller.DeptController.getDepts()', '{criteria:DeptQueryCriteria(ids=[], name=null, enabled=true, pid=null)}', '127.0.0.1', '46', 'admin', '内网IP');
INSERT INTO `log` VALUES ('14531', '2019-10-16 15:27:24', '获取所有的角色，新增用户时下拉选择', null, 'INFO', 'com.chuansen.modules.system.controller.RoleController.getAll()', '{pageable:Page request [number: 0, size 2000, sort: level: ASC]}', '127.0.0.1', '70', 'admin', '内网IP');
INSERT INTO `log` VALUES ('14532', '2019-10-16 15:27:44', '查询岗位', null, 'INFO', 'com.chuansen.modules.system.controller.JobController.getJobs()', '{criteria:JobQueryCriteria(name=null, enabled=null, deptId=18, deptIds=[])pageable:Page request [number: 0, size 2000, sort: UNSORTED]}', '127.0.0.1', '34', 'admin', '内网IP');
INSERT INTO `log` VALUES ('14533', '2019-10-16 15:27:47', '新增用户', 'com.chuansen.exception.EntityExistException: User 已存在 {username=占传森}\r\n	at com.chuansen.modules.system.service.impl.UserServiceImpl.save(UserServiceImpl.java:60)\r\n	at com.chuansen.modules.system.service.impl.UserServiceImpl$$FastClassBySpringCGLIB$$2d68ad0b.invoke(<generated>)\r\n	at org.springframework.cglib.proxy.MethodProxy.invoke(MethodProxy.java:218)\r\n	at org.springframework.aop.framework.CglibAopProxy$CglibMethodInvocation.invokeJoinpoint(CglibAopProxy.java:749)\r\n	at org.springframework.aop.framework.ReflectiveMethodInvocation.proceed(ReflectiveMethodInvocation.java:163)\r\n	at org.springframework.transaction.interceptor.TransactionAspectSupport.invokeWithinTransaction(TransactionAspectSupport.java:295)\r\n	at org.springframework.transaction.interceptor.TransactionInterceptor.invoke(TransactionInterceptor.java:98)\r\n	at org.springframework.aop.framework.ReflectiveMethodInvocation.proceed(ReflectiveMethodInvocation.java:186)\r\n	at org.springframework.aop.framework.CglibAopProxy$DynamicAdvisedInterceptor.intercept(CglibAopProxy.java:688)\r\n	at com.chuansen.modules.system.service.impl.UserServiceImpl$$EnhancerBySpringCGLIB$$4ca1c25e.save(<generated>)\r\n	at com.chuansen.modules.system.controller.UserController.save(UserController.java:90)\r\n	at com.chuansen.modules.system.controller.UserController$$FastClassBySpringCGLIB$$13d41883.invoke(<generated>)\r\n	at org.springframework.cglib.proxy.MethodProxy.invoke(MethodProxy.java:218)\r\n	at org.springframework.aop.framework.CglibAopProxy$CglibMethodInvocation.invokeJoinpoint(CglibAopProxy.java:749)\r\n	at org.springframework.aop.framework.ReflectiveMethodInvocation.proceed(ReflectiveMethodInvocation.java:163)\r\n	at org.springframework.aop.aspectj.MethodInvocationProceedingJoinPoint.proceed(MethodInvocationProceedingJoinPoint.java:88)\r\n	at com.chuansen.aspect.LogAspect.logAround(LogAspect.java:45)\r\n	at sun.reflect.NativeMethodAccessorImpl.invoke0(Native Method)\r\n	at sun.reflect.NativeMethodAccessorImpl.invoke(NativeMethodAccessorImpl.java:62)\r\n	at sun.reflect.DelegatingMethodAccessorImpl.invoke(DelegatingMethodAccessorImpl.java:43)\r\n	at java.lang.reflect.Method.invoke(Method.java:498)\r\n	at org.springframework.aop.aspectj.AbstractAspectJAdvice.invokeAdviceMethodWithGivenArgs(AbstractAspectJAdvice.java:644)\r\n	at org.springframework.aop.aspectj.AbstractAspectJAdvice.invokeAdviceMethod(AbstractAspectJAdvice.java:633)\r\n	at org.springframework.aop.aspectj.AspectJAroundAdvice.invoke(AspectJAroundAdvice.java:70)\r\n	at org.springframework.aop.framework.ReflectiveMethodInvocation.proceed(ReflectiveMethodInvocation.java:175)\r\n	at org.springframework.aop.aspectj.AspectJAfterThrowingAdvice.invoke(AspectJAfterThrowingAdvice.java:62)\r\n	at org.springframework.aop.framework.ReflectiveMethodInvocation.proceed(ReflectiveMethodInvocation.java:175)\r\n	at org.springframework.security.access.intercept.aopalliance.MethodSecurityInterceptor.invoke(MethodSecurityInterceptor.java:69)\r\n	at org.springframework.aop.framework.ReflectiveMethodInvocation.proceed(ReflectiveMethodInvocation.java:186)\r\n	at org.springframework.aop.interceptor.ExposeInvocationInterceptor.invoke(ExposeInvocationInterceptor.java:93)\r\n	at org.springframework.aop.framework.ReflectiveMethodInvocation.proceed(ReflectiveMethodInvocation.java:186)\r\n	at org.springframework.aop.framework.CglibAopProxy$DynamicAdvisedInterceptor.intercept(CglibAopProxy.java:688)\r\n	at com.chuansen.modules.system.controller.UserController$$EnhancerBySpringCGLIB$$35cdc52b.save(<generated>)\r\n	at sun.reflect.NativeMethodAccessorImpl.invoke0(Native Method)\r\n	at sun.reflect.NativeMethodAccessorImpl.invoke(NativeMethodAccessorImpl.java:62)\r\n	at sun.reflect.DelegatingMethodAccessorImpl.invoke(DelegatingMethodAccessorImpl.java:43)\r\n	at java.lang.reflect.Method.invoke(Method.java:498)\r\n	at org.springframework.web.method.support.InvocableHandlerMethod.doInvoke(InvocableHandlerMethod.java:190)\r\n	at org.springframework.web.method.support.InvocableHandlerMethod.invokeForRequest(InvocableHandlerMethod.java:138)\r\n	at org.springframework.web.servlet.mvc.method.annotation.ServletInvocableHandlerMethod.invokeAndHandle(ServletInvocableHandlerMethod.java:104)\r\n	at org.springframework.web.servlet.mvc.method.annotation.RequestMappingHandlerAdapter.invokeHandlerMethod(RequestMappingHandlerAdapter.java:892)\r\n	at org.springframework.web.servlet.mvc.method.annotation.RequestMappingHandlerAdapter.handleInternal(RequestMappingHandlerAdapter.java:797)\r\n	at org.springframework.web.servlet.mvc.method.AbstractHandlerMethodAdapter.handle(AbstractHandlerMethodAdapter.java:87)\r\n	at org.springframework.web.servlet.DispatcherServlet.doDispatch(DispatcherServlet.java:1039)\r\n	at org.springframework.web.servlet.DispatcherServlet.doService(DispatcherServlet.java:942)\r\n	at org.springframework.web.servlet.FrameworkServlet.processRequest(FrameworkServlet.java:1005)\r\n	at org.springframework.web.servlet.FrameworkServlet.doPost(FrameworkServlet.java:908)\r\n	at javax.servlet.http.HttpServlet.service(HttpServlet.java:660)\r\n	at org.springframework.web.servlet.FrameworkServlet.service(FrameworkServlet.java:882)\r\n	at javax.servlet.http.HttpServlet.service(HttpServlet.java:741)\r\n	at org.apache.catalina.core.ApplicationFilterChain.internalDoFilter(ApplicationFilterChain.java:231)\r\n	at org.apache.catalina.core.ApplicationFilterChain.doFilter(ApplicationFilterChain.java:166)\r\n	at org.apache.tomcat.websocket.server.WsFilter.doFilter(WsFilter.java:53)\r\n	at org.apache.catalina.core.ApplicationFilterChain.internalDoFilter(ApplicationFilterChain.java:193)\r\n	at org.apache.catalina.core.ApplicationFilterChain.doFilter(ApplicationFilterChain.java:166)\r\n	at org.springframework.web.filter.OncePerRequestFilter.doFilter(OncePerRequestFilter.java:112)\r\n	at org.apache.catalina.core.ApplicationFilterChain.internalDoFilter(ApplicationFilterChain.java:193)\r\n	at org.apache.catalina.core.ApplicationFilterChain.doFilter(ApplicationFilterChain.java:166)\r\n	at com.alibaba.druid.support.http.WebStatFilter.doFilter(WebStatFilter.java:123)\r\n	at org.apache.catalina.core.ApplicationFilterChain.internalDoFilter(ApplicationFilterChain.java:193)\r\n	at org.apache.catalina.core.ApplicationFilterChain.doFilter(ApplicationFilterChain.java:166)\r\n	at org.springframework.security.web.FilterChainProxy$VirtualFilterChain.doFilter(FilterChainProxy.java:320)\r\n	at org.springframework.security.web.access.intercept.FilterSecurityInterceptor.invoke(FilterSecurityInterceptor.java:127)\r\n	at org.springframework.security.web.access.intercept.FilterSecurityInterceptor.doFilter(FilterSecurityInterceptor.java:91)\r\n	at org.springframework.security.web.FilterChainProxy$VirtualFilterChain.doFilter(FilterChainProxy.java:334)\r\n	at org.springframework.security.web.access.ExceptionTranslationFilter.doFilter(ExceptionTranslationFilter.java:119)\r\n	at org.springframework.security.web.FilterChainProxy$VirtualFilterChain.doFilter(FilterChainProxy.java:334)\r\n	at org.springframework.security.web.session.SessionManagementFilter.doFilter(SessionManagementFilter.java:137)\r\n	at org.springframework.security.web.FilterChainProxy$VirtualFilterChain.doFilter(FilterChainProxy.java:334)\r\n	at org.springframework.security.web.authentication.AnonymousAuthenticationFilter.doFilter(AnonymousAuthenticationFilter.java:111)\r\n	at org.springframework.security.web.FilterChainProxy$VirtualFilterChain.doFilter(FilterChainProxy.java:334)\r\n	at org.springframework.security.web.servletapi.SecurityContextHolderAwareRequestFilter.doFilter(SecurityContextHolderAwareRequestFilter.java:170)\r\n	at org.springframework.security.web.FilterChainProxy$VirtualFilterChain.doFilter(FilterChainProxy.java:334)\r\n	at org.springframework.security.web.savedrequest.RequestCacheAwareFilter.doFilter(RequestCacheAwareFilter.java:63)\r\n	at org.springframework.security.web.FilterChainProxy$VirtualFilterChain.doFilter(FilterChainProxy.java:334)\r\n	at com.chuansen.modules.security.security.JwtAuthorizationTokenFilter.doFilterInternal(JwtAuthorizationTokenFilter.java:63)\r\n	at org.springframework.web.filter.OncePerRequestFilter.doFilter(OncePerRequestFilter.java:118)\r\n	at org.springframework.security.web.FilterChainProxy$VirtualFilterChain.doFilter(FilterChainProxy.java:334)\r\n	at org.springframework.security.web.authentication.logout.LogoutFilter.doFilter(LogoutFilter.java:116)\r\n	at org.springframework.security.web.FilterChainProxy$VirtualFilterChain.doFilter(FilterChainProxy.java:334)\r\n	at org.springframework.security.web.header.HeaderWriterFilter.doFilterInternal(HeaderWriterFilter.java:74)\r\n	at org.springframework.web.filter.OncePerRequestFilter.doFilter(OncePerRequestFilter.java:118)\r\n	at org.springframework.security.web.FilterChainProxy$VirtualFilterChain.doFilter(FilterChainProxy.java:334)\r\n	at org.springframework.security.web.context.SecurityContextPersistenceFilter.doFilter(SecurityContextPersistenceFilter.java:105)\r\n	at org.springframework.security.web.FilterChainProxy$VirtualFilterChain.doFilter(FilterChainProxy.java:334)\r\n	at org.springframework.security.web.context.request.async.WebAsyncManagerIntegrationFilter.doFilterInternal(WebAsyncManagerIntegrationFilter.java:56)\r\n	at org.springframework.web.filter.OncePerRequestFilter.doFilter(OncePerRequestFilter.java:118)\r\n	at org.springframework.security.web.FilterChainProxy$VirtualFilterChain.doFilter(FilterChainProxy.java:334)\r\n	at org.springframework.security.web.FilterChainProxy.doFilterInternal(FilterChainProxy.java:215)\r\n	at org.springframework.security.web.FilterChainProxy.doFilter(FilterChainProxy.java:178)\r\n	at org.springframework.web.filter.DelegatingFilterProxy.invokeDelegate(DelegatingFilterProxy.java:357)\r\n	at org.springframework.web.filter.DelegatingFilterProxy.doFilter(DelegatingFilterProxy.java:270)\r\n	at org.apache.catalina.core.ApplicationFilterChain.internalDoFilter(ApplicationFilterChain.java:193)\r\n	at org.apache.catalina.core.ApplicationFilterChain.doFilter(ApplicationFilterChain.java:166)\r\n	at org.springframework.web.filter.CharacterEncodingFilter.doFilterInternal(CharacterEncodingFilter.java:200)\r\n	at org.springframework.web.filter.OncePerRequestFilter.doFilter(OncePerRequestFilter.java:118)\r\n	at org.apache.catalina.core.ApplicationFilterChain.internalDoFilter(ApplicationFilterChain.java:193)\r\n	at org.apache.catalina.core.ApplicationFilterChain.doFilter(ApplicationFilterChain.java:166)\r\n	at org.apache.catalina.core.StandardWrapperValve.invoke(StandardWrapperValve.java:202)\r\n	at org.apache.catalina.core.StandardContextValve.invoke(StandardContextValve.java:96)\r\n	at org.apache.catalina.authenticator.AuthenticatorBase.invoke(AuthenticatorBase.java:526)\r\n	at org.apache.catalina.core.StandardHostValve.invoke(StandardHostValve.java:139)\r\n	at org.apache.catalina.valves.ErrorReportValve.invoke(ErrorReportValve.java:92)\r\n	at org.apache.catalina.core.StandardEngineValve.invoke(StandardEngineValve.java:74)\r\n	at org.apache.catalina.connector.CoyoteAdapter.service(CoyoteAdapter.java:343)\r\n	at org.apache.coyote.http11.Http11Processor.service(Http11Processor.java:408)\r\n	at org.apache.coyote.AbstractProcessorLight.process(AbstractProcessorLight.java:66)\r\n	at org.apache.coyote.AbstractProtocol$ConnectionHandler.process(AbstractProtocol.java:860)\r\n	at org.apache.tomcat.util.net.NioEndpoint$SocketProcessor.doRun(NioEndpoint.java:1587)\r\n	at org.apache.tomcat.util.net.SocketProcessorBase.run(SocketProcessorBase.java:49)\r\n	at java.util.concurrent.ThreadPoolExecutor.runWorker(ThreadPoolExecutor.java:1142)\r\n	at java.util.concurrent.ThreadPoolExecutor$Worker.run(ThreadPoolExecutor.java:617)\r\n	at org.apache.tomcat.util.threads.TaskThread$WrappingRunnable.run(TaskThread.java:61)\r\n	at java.lang.Thread.run(Thread.java:748)\r\n', 'ERROR', 'com.chuansen.modules.system.controller.UserController.save()', '{user:User{id=null, username=\'占传森\', email=\'1111@qq.com\', enabled=true, password=\'null\', createTime=null, lastPasswordResetTime=null}}', '127.0.0.1', '42', 'admin', '内网IP');
INSERT INTO `log` VALUES ('14534', '2019-10-16 15:27:49', '新增用户', 'com.chuansen.exception.EntityExistException: User 已存在 {username=占传森}\r\n	at com.chuansen.modules.system.service.impl.UserServiceImpl.save(UserServiceImpl.java:60)\r\n	at com.chuansen.modules.system.service.impl.UserServiceImpl$$FastClassBySpringCGLIB$$2d68ad0b.invoke(<generated>)\r\n	at org.springframework.cglib.proxy.MethodProxy.invoke(MethodProxy.java:218)\r\n	at org.springframework.aop.framework.CglibAopProxy$CglibMethodInvocation.invokeJoinpoint(CglibAopProxy.java:749)\r\n	at org.springframework.aop.framework.ReflectiveMethodInvocation.proceed(ReflectiveMethodInvocation.java:163)\r\n	at org.springframework.transaction.interceptor.TransactionAspectSupport.invokeWithinTransaction(TransactionAspectSupport.java:295)\r\n	at org.springframework.transaction.interceptor.TransactionInterceptor.invoke(TransactionInterceptor.java:98)\r\n	at org.springframework.aop.framework.ReflectiveMethodInvocation.proceed(ReflectiveMethodInvocation.java:186)\r\n	at org.springframework.aop.framework.CglibAopProxy$DynamicAdvisedInterceptor.intercept(CglibAopProxy.java:688)\r\n	at com.chuansen.modules.system.service.impl.UserServiceImpl$$EnhancerBySpringCGLIB$$4ca1c25e.save(<generated>)\r\n	at com.chuansen.modules.system.controller.UserController.save(UserController.java:90)\r\n	at com.chuansen.modules.system.controller.UserController$$FastClassBySpringCGLIB$$13d41883.invoke(<generated>)\r\n	at org.springframework.cglib.proxy.MethodProxy.invoke(MethodProxy.java:218)\r\n	at org.springframework.aop.framework.CglibAopProxy$CglibMethodInvocation.invokeJoinpoint(CglibAopProxy.java:749)\r\n	at org.springframework.aop.framework.ReflectiveMethodInvocation.proceed(ReflectiveMethodInvocation.java:163)\r\n	at org.springframework.aop.aspectj.MethodInvocationProceedingJoinPoint.proceed(MethodInvocationProceedingJoinPoint.java:88)\r\n	at com.chuansen.aspect.LogAspect.logAround(LogAspect.java:45)\r\n	at sun.reflect.NativeMethodAccessorImpl.invoke0(Native Method)\r\n	at sun.reflect.NativeMethodAccessorImpl.invoke(NativeMethodAccessorImpl.java:62)\r\n	at sun.reflect.DelegatingMethodAccessorImpl.invoke(DelegatingMethodAccessorImpl.java:43)\r\n	at java.lang.reflect.Method.invoke(Method.java:498)\r\n	at org.springframework.aop.aspectj.AbstractAspectJAdvice.invokeAdviceMethodWithGivenArgs(AbstractAspectJAdvice.java:644)\r\n	at org.springframework.aop.aspectj.AbstractAspectJAdvice.invokeAdviceMethod(AbstractAspectJAdvice.java:633)\r\n	at org.springframework.aop.aspectj.AspectJAroundAdvice.invoke(AspectJAroundAdvice.java:70)\r\n	at org.springframework.aop.framework.ReflectiveMethodInvocation.proceed(ReflectiveMethodInvocation.java:175)\r\n	at org.springframework.aop.aspectj.AspectJAfterThrowingAdvice.invoke(AspectJAfterThrowingAdvice.java:62)\r\n	at org.springframework.aop.framework.ReflectiveMethodInvocation.proceed(ReflectiveMethodInvocation.java:175)\r\n	at org.springframework.security.access.intercept.aopalliance.MethodSecurityInterceptor.invoke(MethodSecurityInterceptor.java:69)\r\n	at org.springframework.aop.framework.ReflectiveMethodInvocation.proceed(ReflectiveMethodInvocation.java:186)\r\n	at org.springframework.aop.interceptor.ExposeInvocationInterceptor.invoke(ExposeInvocationInterceptor.java:93)\r\n	at org.springframework.aop.framework.ReflectiveMethodInvocation.proceed(ReflectiveMethodInvocation.java:186)\r\n	at org.springframework.aop.framework.CglibAopProxy$DynamicAdvisedInterceptor.intercept(CglibAopProxy.java:688)\r\n	at com.chuansen.modules.system.controller.UserController$$EnhancerBySpringCGLIB$$35cdc52b.save(<generated>)\r\n	at sun.reflect.NativeMethodAccessorImpl.invoke0(Native Method)\r\n	at sun.reflect.NativeMethodAccessorImpl.invoke(NativeMethodAccessorImpl.java:62)\r\n	at sun.reflect.DelegatingMethodAccessorImpl.invoke(DelegatingMethodAccessorImpl.java:43)\r\n	at java.lang.reflect.Method.invoke(Method.java:498)\r\n	at org.springframework.web.method.support.InvocableHandlerMethod.doInvoke(InvocableHandlerMethod.java:190)\r\n	at org.springframework.web.method.support.InvocableHandlerMethod.invokeForRequest(InvocableHandlerMethod.java:138)\r\n	at org.springframework.web.servlet.mvc.method.annotation.ServletInvocableHandlerMethod.invokeAndHandle(ServletInvocableHandlerMethod.java:104)\r\n	at org.springframework.web.servlet.mvc.method.annotation.RequestMappingHandlerAdapter.invokeHandlerMethod(RequestMappingHandlerAdapter.java:892)\r\n	at org.springframework.web.servlet.mvc.method.annotation.RequestMappingHandlerAdapter.handleInternal(RequestMappingHandlerAdapter.java:797)\r\n	at org.springframework.web.servlet.mvc.method.AbstractHandlerMethodAdapter.handle(AbstractHandlerMethodAdapter.java:87)\r\n	at org.springframework.web.servlet.DispatcherServlet.doDispatch(DispatcherServlet.java:1039)\r\n	at org.springframework.web.servlet.DispatcherServlet.doService(DispatcherServlet.java:942)\r\n	at org.springframework.web.servlet.FrameworkServlet.processRequest(FrameworkServlet.java:1005)\r\n	at org.springframework.web.servlet.FrameworkServlet.doPost(FrameworkServlet.java:908)\r\n	at javax.servlet.http.HttpServlet.service(HttpServlet.java:660)\r\n	at org.springframework.web.servlet.FrameworkServlet.service(FrameworkServlet.java:882)\r\n	at javax.servlet.http.HttpServlet.service(HttpServlet.java:741)\r\n	at org.apache.catalina.core.ApplicationFilterChain.internalDoFilter(ApplicationFilterChain.java:231)\r\n	at org.apache.catalina.core.ApplicationFilterChain.doFilter(ApplicationFilterChain.java:166)\r\n	at org.apache.tomcat.websocket.server.WsFilter.doFilter(WsFilter.java:53)\r\n	at org.apache.catalina.core.ApplicationFilterChain.internalDoFilter(ApplicationFilterChain.java:193)\r\n	at org.apache.catalina.core.ApplicationFilterChain.doFilter(ApplicationFilterChain.java:166)\r\n	at org.springframework.web.filter.OncePerRequestFilter.doFilter(OncePerRequestFilter.java:112)\r\n	at org.apache.catalina.core.ApplicationFilterChain.internalDoFilter(ApplicationFilterChain.java:193)\r\n	at org.apache.catalina.core.ApplicationFilterChain.doFilter(ApplicationFilterChain.java:166)\r\n	at com.alibaba.druid.support.http.WebStatFilter.doFilter(WebStatFilter.java:123)\r\n	at org.apache.catalina.core.ApplicationFilterChain.internalDoFilter(ApplicationFilterChain.java:193)\r\n	at org.apache.catalina.core.ApplicationFilterChain.doFilter(ApplicationFilterChain.java:166)\r\n	at org.springframework.security.web.FilterChainProxy$VirtualFilterChain.doFilter(FilterChainProxy.java:320)\r\n	at org.springframework.security.web.access.intercept.FilterSecurityInterceptor.invoke(FilterSecurityInterceptor.java:127)\r\n	at org.springframework.security.web.access.intercept.FilterSecurityInterceptor.doFilter(FilterSecurityInterceptor.java:91)\r\n	at org.springframework.security.web.FilterChainProxy$VirtualFilterChain.doFilter(FilterChainProxy.java:334)\r\n	at org.springframework.security.web.access.ExceptionTranslationFilter.doFilter(ExceptionTranslationFilter.java:119)\r\n	at org.springframework.security.web.FilterChainProxy$VirtualFilterChain.doFilter(FilterChainProxy.java:334)\r\n	at org.springframework.security.web.session.SessionManagementFilter.doFilter(SessionManagementFilter.java:137)\r\n	at org.springframework.security.web.FilterChainProxy$VirtualFilterChain.doFilter(FilterChainProxy.java:334)\r\n	at org.springframework.security.web.authentication.AnonymousAuthenticationFilter.doFilter(AnonymousAuthenticationFilter.java:111)\r\n	at org.springframework.security.web.FilterChainProxy$VirtualFilterChain.doFilter(FilterChainProxy.java:334)\r\n	at org.springframework.security.web.servletapi.SecurityContextHolderAwareRequestFilter.doFilter(SecurityContextHolderAwareRequestFilter.java:170)\r\n	at org.springframework.security.web.FilterChainProxy$VirtualFilterChain.doFilter(FilterChainProxy.java:334)\r\n	at org.springframework.security.web.savedrequest.RequestCacheAwareFilter.doFilter(RequestCacheAwareFilter.java:63)\r\n	at org.springframework.security.web.FilterChainProxy$VirtualFilterChain.doFilter(FilterChainProxy.java:334)\r\n	at com.chuansen.modules.security.security.JwtAuthorizationTokenFilter.doFilterInternal(JwtAuthorizationTokenFilter.java:63)\r\n	at org.springframework.web.filter.OncePerRequestFilter.doFilter(OncePerRequestFilter.java:118)\r\n	at org.springframework.security.web.FilterChainProxy$VirtualFilterChain.doFilter(FilterChainProxy.java:334)\r\n	at org.springframework.security.web.authentication.logout.LogoutFilter.doFilter(LogoutFilter.java:116)\r\n	at org.springframework.security.web.FilterChainProxy$VirtualFilterChain.doFilter(FilterChainProxy.java:334)\r\n	at org.springframework.security.web.header.HeaderWriterFilter.doFilterInternal(HeaderWriterFilter.java:74)\r\n	at org.springframework.web.filter.OncePerRequestFilter.doFilter(OncePerRequestFilter.java:118)\r\n	at org.springframework.security.web.FilterChainProxy$VirtualFilterChain.doFilter(FilterChainProxy.java:334)\r\n	at org.springframework.security.web.context.SecurityContextPersistenceFilter.doFilter(SecurityContextPersistenceFilter.java:105)\r\n	at org.springframework.security.web.FilterChainProxy$VirtualFilterChain.doFilter(FilterChainProxy.java:334)\r\n	at org.springframework.security.web.context.request.async.WebAsyncManagerIntegrationFilter.doFilterInternal(WebAsyncManagerIntegrationFilter.java:56)\r\n	at org.springframework.web.filter.OncePerRequestFilter.doFilter(OncePerRequestFilter.java:118)\r\n	at org.springframework.security.web.FilterChainProxy$VirtualFilterChain.doFilter(FilterChainProxy.java:334)\r\n	at org.springframework.security.web.FilterChainProxy.doFilterInternal(FilterChainProxy.java:215)\r\n	at org.springframework.security.web.FilterChainProxy.doFilter(FilterChainProxy.java:178)\r\n	at org.springframework.web.filter.DelegatingFilterProxy.invokeDelegate(DelegatingFilterProxy.java:357)\r\n	at org.springframework.web.filter.DelegatingFilterProxy.doFilter(DelegatingFilterProxy.java:270)\r\n	at org.apache.catalina.core.ApplicationFilterChain.internalDoFilter(ApplicationFilterChain.java:193)\r\n	at org.apache.catalina.core.ApplicationFilterChain.doFilter(ApplicationFilterChain.java:166)\r\n	at org.springframework.web.filter.CharacterEncodingFilter.doFilterInternal(CharacterEncodingFilter.java:200)\r\n	at org.springframework.web.filter.OncePerRequestFilter.doFilter(OncePerRequestFilter.java:118)\r\n	at org.apache.catalina.core.ApplicationFilterChain.internalDoFilter(ApplicationFilterChain.java:193)\r\n	at org.apache.catalina.core.ApplicationFilterChain.doFilter(ApplicationFilterChain.java:166)\r\n	at org.apache.catalina.core.StandardWrapperValve.invoke(StandardWrapperValve.java:202)\r\n	at org.apache.catalina.core.StandardContextValve.invoke(StandardContextValve.java:96)\r\n	at org.apache.catalina.authenticator.AuthenticatorBase.invoke(AuthenticatorBase.java:526)\r\n	at org.apache.catalina.core.StandardHostValve.invoke(StandardHostValve.java:139)\r\n	at org.apache.catalina.valves.ErrorReportValve.invoke(ErrorReportValve.java:92)\r\n	at org.apache.catalina.core.StandardEngineValve.invoke(StandardEngineValve.java:74)\r\n	at org.apache.catalina.connector.CoyoteAdapter.service(CoyoteAdapter.java:343)\r\n	at org.apache.coyote.http11.Http11Processor.service(Http11Processor.java:408)\r\n	at org.apache.coyote.AbstractProcessorLight.process(AbstractProcessorLight.java:66)\r\n	at org.apache.coyote.AbstractProtocol$ConnectionHandler.process(AbstractProtocol.java:860)\r\n	at org.apache.tomcat.util.net.NioEndpoint$SocketProcessor.doRun(NioEndpoint.java:1587)\r\n	at org.apache.tomcat.util.net.SocketProcessorBase.run(SocketProcessorBase.java:49)\r\n	at java.util.concurrent.ThreadPoolExecutor.runWorker(ThreadPoolExecutor.java:1142)\r\n	at java.util.concurrent.ThreadPoolExecutor$Worker.run(ThreadPoolExecutor.java:617)\r\n	at org.apache.tomcat.util.threads.TaskThread$WrappingRunnable.run(TaskThread.java:61)\r\n	at java.lang.Thread.run(Thread.java:748)\r\n', 'ERROR', 'com.chuansen.modules.system.controller.UserController.save()', '{user:User{id=null, username=\'占传森\', email=\'1111@qq.com\', enabled=true, password=\'null\', createTime=null, lastPasswordResetTime=null}}', '127.0.0.1', '26', 'admin', '内网IP');
INSERT INTO `log` VALUES ('14535', '2019-10-16 15:33:38', '异常查询', null, 'INFO', 'com.chuansen.controller.LogController.getErrorLogs()', '{criteria:LogQueryCriteria(blurry=null, logType=ERROR)pageable:Page request [number: 0, size 10, sort: id: DESC]}', '127.0.0.1', '100', 'admin', '内网IP');
INSERT INTO `log` VALUES ('14536', '2019-10-16 15:40:02', '日志查询', null, 'INFO', 'com.chuansen.controller.LogController.getLogs()', '{criteria:LogQueryCriteria(blurry=null, logType=Info)pageable:Page request [number: 0, size 10, sort: id: DESC]}', '127.0.0.1', '27', 'admin', '内网IP');
INSERT INTO `log` VALUES ('14537', '2019-10-16 15:40:07', '异常查询', null, 'INFO', 'com.chuansen.controller.LogController.getErrorLogs()', '{criteria:LogQueryCriteria(blurry=null, logType=ERROR)pageable:Page request [number: 0, size 10, sort: id: DESC]}', '127.0.0.1', '9', 'admin', '内网IP');
INSERT INTO `log` VALUES ('14538', '2019-10-16 15:45:14', '异常查询', null, 'INFO', 'com.chuansen.controller.LogController.getErrorLogs()', '{criteria:LogQueryCriteria(blurry=null, logType=ERROR)pageable:Page request [number: 0, size 10, sort: id: DESC]}', '127.0.0.1', '79', 'admin', '内网IP');
INSERT INTO `log` VALUES ('14539', '2019-10-16 15:45:21', '日志查询', null, 'INFO', 'com.chuansen.controller.LogController.getLogs()', '{criteria:LogQueryCriteria(blurry=null, logType=Info)pageable:Page request [number: 0, size 10, sort: id: DESC]}', '127.0.0.1', '18', 'admin', '内网IP');
INSERT INTO `log` VALUES ('14540', '2019-10-16 15:45:30', '日志查询', null, 'INFO', 'com.chuansen.controller.LogController.getLogs()', '{criteria:LogQueryCriteria(blurry=部门详情, logType=Info)pageable:Page request [number: 0, size 10, sort: id: DESC]}', '127.0.0.1', '82', 'admin', '内网IP');
INSERT INTO `log` VALUES ('14541', '2019-10-16 15:45:34', '异常查询', null, 'INFO', 'com.chuansen.controller.LogController.getErrorLogs()', '{criteria:LogQueryCriteria(blurry=null, logType=ERROR)pageable:Page request [number: 0, size 10, sort: id: DESC]}', '127.0.0.1', '13', 'admin', '内网IP');
INSERT INTO `log` VALUES ('14542', '2019-10-16 15:45:45', '异常查询', null, 'INFO', 'com.chuansen.controller.LogController.getErrorLogs()', '{criteria:LogQueryCriteria(blurry=内网IP, logType=ERROR)pageable:Page request [number: 0, size 10, sort: id: DESC]}', '127.0.0.1', '11', 'admin', '内网IP');
INSERT INTO `log` VALUES ('14543', '2019-10-16 16:55:10', '修改头像', null, 'INFO', 'com.chuansen.modules.system.controller.UserController.updateAvatar()', '{file:org.springframework.web.multipart.support.StandardMultipartHttpServletRequest$StandardMultipartFile@4742b493}', '127.0.0.1', '100359', 'admin', '内网IP');
INSERT INTO `log` VALUES ('14544', '2019-10-16 16:55:39', '修改头像', null, 'INFO', 'com.chuansen.modules.system.controller.UserController.updateAvatar()', '{file:org.springframework.web.multipart.support.StandardMultipartHttpServletRequest$StandardMultipartFile@132197ac}', '127.0.0.1', '17', 'admin', '内网IP');
INSERT INTO `log` VALUES ('14545', '2019-10-16 16:57:52', '修改头像', null, 'INFO', 'com.chuansen.modules.system.controller.UserController.updateAvatar()', '{file:org.springframework.web.multipart.support.StandardMultipartHttpServletRequest$StandardMultipartFile@d629d15}', '127.0.0.1', '30', 'admin', '内网IP');
INSERT INTO `log` VALUES ('14546', '2019-10-16 17:00:03', '修改头像', null, 'INFO', 'com.chuansen.modules.system.controller.UserController.updateAvatar()', '{file:org.springframework.web.multipart.support.StandardMultipartHttpServletRequest$StandardMultipartFile@3b2a1ef0}', '127.0.0.1', '255', 'admin', '内网IP');
INSERT INTO `log` VALUES ('14547', '2019-10-16 17:00:36', '修改密码', null, 'INFO', 'com.chuansen.modules.system.controller.UserController.updatePassWord()', '{user:UserPassVo(oldPass=123456, newPass=123456)}', '127.0.0.1', '44', 'admin', '内网IP');
INSERT INTO `log` VALUES ('14548', '2019-10-16 17:02:08', '修改密码', null, 'INFO', 'com.chuansen.modules.system.controller.UserController.updatePassWord()', '{user:UserPassVo(oldPass=123456, newPass=123456)}', '127.0.0.1', '55586', 'admin', '内网IP');
INSERT INTO `log` VALUES ('14549', '2019-10-16 18:07:55', '用户登录', 'me.zhengjie.exception.BadRequestException: 验证码已过期\r\n	at me.zhengjie.modules.security.rest.AuthenticationController.login(AuthenticationController.java:67)\r\n	at me.zhengjie.modules.security.rest.AuthenticationController$$FastClassBySpringCGLIB$$80262bc9.invoke(<generated>)\r\n	at org.springframework.cglib.proxy.MethodProxy.invoke(MethodProxy.java:218)\r\n	at org.springframework.aop.framework.CglibAopProxy$CglibMethodInvocation.invokeJoinpoint(CglibAopProxy.java:746)\r\n	at org.springframework.aop.framework.ReflectiveMethodInvocation.proceed(ReflectiveMethodInvocation.java:163)\r\n	at org.springframework.aop.aspectj.MethodInvocationProceedingJoinPoint.proceed(MethodInvocationProceedingJoinPoint.java:88)\r\n	at me.zhengjie.aspect.LogAspect.logAround(LogAspect.java:53)\r\n	at sun.reflect.NativeMethodAccessorImpl.invoke0(Native Method)\r\n	at sun.reflect.NativeMethodAccessorImpl.invoke(NativeMethodAccessorImpl.java:62)\r\n	at sun.reflect.DelegatingMethodAccessorImpl.invoke(DelegatingMethodAccessorImpl.java:43)\r\n	at java.lang.reflect.Method.invoke(Method.java:498)\r\n	at org.springframework.aop.aspectj.AbstractAspectJAdvice.invokeAdviceMethodWithGivenArgs(AbstractAspectJAdvice.java:644)\r\n	at org.springframework.aop.aspectj.AbstractAspectJAdvice.invokeAdviceMethod(AbstractAspectJAdvice.java:633)\r\n	at org.springframework.aop.aspectj.AspectJAroundAdvice.invoke(AspectJAroundAdvice.java:70)\r\n	at org.springframework.aop.framework.ReflectiveMethodInvocation.proceed(ReflectiveMethodInvocation.java:175)\r\n	at org.springframework.aop.aspectj.AspectJAfterThrowingAdvice.invoke(AspectJAfterThrowingAdvice.java:62)\r\n	at org.springframework.aop.framework.ReflectiveMethodInvocation.proceed(ReflectiveMethodInvocation.java:175)\r\n	at org.springframework.aop.interceptor.ExposeInvocationInterceptor.invoke(ExposeInvocationInterceptor.java:93)\r\n	at org.springframework.aop.framework.ReflectiveMethodInvocation.proceed(ReflectiveMethodInvocation.java:186)\r\n	at org.springframework.aop.framework.CglibAopProxy$DynamicAdvisedInterceptor.intercept(CglibAopProxy.java:688)\r\n	at me.zhengjie.modules.security.rest.AuthenticationController$$EnhancerBySpringCGLIB$$dffe35f6.login(<generated>)\r\n	at sun.reflect.NativeMethodAccessorImpl.invoke0(Native Method)\r\n	at sun.reflect.NativeMethodAccessorImpl.invoke(NativeMethodAccessorImpl.java:62)\r\n	at sun.reflect.DelegatingMethodAccessorImpl.invoke(DelegatingMethodAccessorImpl.java:43)\r\n	at java.lang.reflect.Method.invoke(Method.java:498)\r\n	at org.springframework.web.method.support.InvocableHandlerMethod.doInvoke(InvocableHandlerMethod.java:215)\r\n	at org.springframework.web.method.support.InvocableHandlerMethod.invokeForRequest(InvocableHandlerMethod.java:142)\r\n	at org.springframework.web.servlet.mvc.method.annotation.ServletInvocableHandlerMethod.invokeAndHandle(ServletInvocableHandlerMethod.java:102)\r\n	at org.springframework.web.servlet.mvc.method.annotation.RequestMappingHandlerAdapter.invokeHandlerMethod(RequestMappingHandlerAdapter.java:895)\r\n	at org.springframework.web.servlet.mvc.method.annotation.RequestMappingHandlerAdapter.handleInternal(RequestMappingHandlerAdapter.java:800)\r\n	at org.springframework.web.servlet.mvc.method.AbstractHandlerMethodAdapter.handle(AbstractHandlerMethodAdapter.java:87)\r\n	at org.springframework.web.servlet.DispatcherServlet.doDispatch(DispatcherServlet.java:1038)\r\n	at org.springframework.web.servlet.DispatcherServlet.doService(DispatcherServlet.java:942)\r\n	at org.springframework.web.servlet.FrameworkServlet.processRequest(FrameworkServlet.java:998)\r\n	at org.springframework.web.servlet.FrameworkServlet.doPost(FrameworkServlet.java:901)\r\n	at javax.servlet.http.HttpServlet.service(HttpServlet.java:660)\r\n	at org.springframework.web.servlet.FrameworkServlet.service(FrameworkServlet.java:875)\r\n	at javax.servlet.http.HttpServlet.service(HttpServlet.java:741)\r\n	at org.apache.catalina.core.ApplicationFilterChain.internalDoFilter(ApplicationFilterChain.java:231)\r\n	at org.apache.catalina.core.ApplicationFilterChain.doFilter(ApplicationFilterChain.java:166)\r\n	at org.apache.tomcat.websocket.server.WsFilter.doFilter(WsFilter.java:53)\r\n	at org.apache.catalina.core.ApplicationFilterChain.internalDoFilter(ApplicationFilterChain.java:193)\r\n	at org.apache.catalina.core.ApplicationFilterChain.doFilter(ApplicationFilterChain.java:166)\r\n	at org.springframework.web.filter.OncePerRequestFilter.doFilter(OncePerRequestFilter.java:101)\r\n	at org.apache.catalina.core.ApplicationFilterChain.internalDoFilter(ApplicationFilterChain.java:193)\r\n	at org.apache.catalina.core.ApplicationFilterChain.doFilter(ApplicationFilterChain.java:166)\r\n	at com.alibaba.druid.support.http.WebStatFilter.doFilter(WebStatFilter.java:123)\r\n	at org.apache.catalina.core.ApplicationFilterChain.internalDoFilter(ApplicationFilterChain.java:193)\r\n	at org.apache.catalina.core.ApplicationFilterChain.doFilter(ApplicationFilterChain.java:166)\r\n	at org.springframework.security.web.FilterChainProxy$VirtualFilterChain.doFilter(FilterChainProxy.java:320)\r\n	at org.springframework.security.web.access.intercept.FilterSecurityInterceptor.invoke(FilterSecurityInterceptor.java:127)\r\n	at org.springframework.security.web.access.intercept.FilterSecurityInterceptor.doFilter(FilterSecurityInterceptor.java:91)\r\n	at org.springframework.security.web.FilterChainProxy$VirtualFilterChain.doFilter(FilterChainProxy.java:334)\r\n	at org.springframework.security.web.access.ExceptionTranslationFilter.doFilter(ExceptionTranslationFilter.java:119)\r\n	at org.springframework.security.web.FilterChainProxy$VirtualFilterChain.doFilter(FilterChainProxy.java:334)\r\n	at org.springframework.security.web.session.SessionManagementFilter.doFilter(SessionManagementFilter.java:137)\r\n	at org.springframework.security.web.FilterChainProxy$VirtualFilterChain.doFilter(FilterChainProxy.java:334)\r\n	at org.springframework.security.web.authentication.AnonymousAuthenticationFilter.doFilter(AnonymousAuthenticationFilter.java:111)\r\n	at org.springframework.security.web.FilterChainProxy$VirtualFilterChain.doFilter(FilterChainProxy.java:334)\r\n	at org.springframework.security.web.servletapi.SecurityContextHolderAwareRequestFilter.doFilter(SecurityContextHolderAwareRequestFilter.java:170)\r\n	at org.springframework.security.web.FilterChainProxy$VirtualFilterChain.doFilter(FilterChainProxy.java:334)\r\n	at org.springframework.security.web.savedrequest.RequestCacheAwareFilter.doFilter(RequestCacheAwareFilter.java:63)\r\n	at org.springframework.security.web.FilterChainProxy$VirtualFilterChain.doFilter(FilterChainProxy.java:334)\r\n	at me.zhengjie.modules.security.security.JwtAuthorizationTokenFilter.doFilterInternal(JwtAuthorizationTokenFilter.java:65)\r\n	at org.springframework.web.filter.OncePerRequestFilter.doFilter(OncePerRequestFilter.java:107)\r\n	at org.springframework.security.web.FilterChainProxy$VirtualFilterChain.doFilter(FilterChainProxy.java:334)\r\n	at org.springframework.security.web.authentication.logout.LogoutFilter.doFilter(LogoutFilter.java:116)\r\n	at org.springframework.security.web.FilterChainProxy$VirtualFilterChain.doFilter(FilterChainProxy.java:334)\r\n	at org.springframework.security.web.header.HeaderWriterFilter.doFilterInternal(HeaderWriterFilter.java:66)\r\n	at org.springframework.web.filter.OncePerRequestFilter.doFilter(OncePerRequestFilter.java:107)\r\n	at org.springframework.security.web.FilterChainProxy$VirtualFilterChain.doFilter(FilterChainProxy.java:334)\r\n	at org.springframework.security.web.context.SecurityContextPersistenceFilter.doFilter(SecurityContextPersistenceFilter.java:105)\r\n	at org.springframework.security.web.FilterChainProxy$VirtualFilterChain.doFilter(FilterChainProxy.java:334)\r\n	at org.springframework.security.web.context.request.async.WebAsyncManagerIntegrationFilter.doFilterInternal(WebAsyncManagerIntegrationFilter.java:56)\r\n	at org.springframework.web.filter.OncePerRequestFilter.doFilter(OncePerRequestFilter.java:107)\r\n	at org.springframework.security.web.FilterChainProxy$VirtualFilterChain.doFilter(FilterChainProxy.java:334)\r\n	at org.springframework.security.web.FilterChainProxy.doFilterInternal(FilterChainProxy.java:215)\r\n	at org.springframework.security.web.FilterChainProxy.doFilter(FilterChainProxy.java:178)\r\n	at org.springframework.web.filter.DelegatingFilterProxy.invokeDelegate(DelegatingFilterProxy.java:357)\r\n	at org.springframework.web.filter.DelegatingFilterProxy.doFilter(DelegatingFilterProxy.java:270)\r\n	at org.apache.catalina.core.ApplicationFilterChain.internalDoFilter(ApplicationFilterChain.java:193)\r\n	at org.apache.catalina.core.ApplicationFilterChain.doFilter(ApplicationFilterChain.java:166)\r\n	at org.springframework.web.filter.RequestContextFilter.doFilterInternal(RequestContextFilter.java:99)\r\n	at org.springframework.web.filter.OncePerRequestFilter.doFilter(OncePerRequestFilter.java:107)\r\n	at org.apache.catalina.core.ApplicationFilterChain.internalDoFilter(ApplicationFilterChain.java:193)\r\n	at org.apache.catalina.core.ApplicationFilterChain.doFilter(ApplicationFilterChain.java:166)\r\n	at org.springframework.web.filter.FormContentFilter.doFilterInternal(FormContentFilter.java:92)\r\n	at org.springframework.web.filter.OncePerRequestFilter.doFilter(OncePerRequestFilter.java:107)\r\n	at org.apache.catalina.core.ApplicationFilterChain.internalDoFilter(ApplicationFilterChain.java:193)\r\n	at org.apache.catalina.core.ApplicationFilterChain.doFilter(ApplicationFilterChain.java:166)\r\n	at org.springframework.web.filter.HiddenHttpMethodFilter.doFilterInternal(HiddenHttpMethodFilter.java:93)\r\n	at org.springframework.web.filter.OncePerRequestFilter.doFilter(OncePerRequestFilter.java:107)\r\n	at org.apache.catalina.core.ApplicationFilterChain.internalDoFilter(ApplicationFilterChain.java:193)\r\n	at org.apache.catalina.core.ApplicationFilterChain.doFilter(ApplicationFilterChain.java:166)\r\n	at org.springframework.web.filter.CharacterEncodingFilter.doFilterInternal(CharacterEncodingFilter.java:200)\r\n	at org.springframework.web.filter.OncePerRequestFilter.doFilter(OncePerRequestFilter.java:107)\r\n	at org.apache.catalina.core.ApplicationFilterChain.internalDoFilter(ApplicationFilterChain.java:193)\r\n	at org.apache.catalina.core.ApplicationFilterChain.doFilter(ApplicationFilterChain.java:166)\r\n	at org.apache.catalina.core.StandardWrapperValve.invoke(StandardWrapperValve.java:199)\r\n	at org.apache.catalina.core.StandardContextValve.invoke(StandardContextValve.java:96)\r\n	at org.apache.catalina.authenticator.AuthenticatorBase.invoke(AuthenticatorBase.java:490)\r\n	at org.apache.catalina.core.StandardHostValve.invoke(StandardHostValve.java:139)\r\n	at org.apache.catalina.valves.ErrorReportValve.invoke(ErrorReportValve.java:92)\r\n	at org.apache.catalina.core.StandardEngineValve.invoke(StandardEngineValve.java:74)\r\n	at org.apache.catalina.connector.CoyoteAdapter.service(CoyoteAdapter.java:343)\r\n	at org.apache.coyote.http11.Http11Processor.service(Http11Processor.java:408)\r\n	at org.apache.coyote.AbstractProcessorLight.process(AbstractProcessorLight.java:66)\r\n	at org.apache.coyote.AbstractProtocol$ConnectionHandler.process(AbstractProtocol.java:770)\r\n	at org.apache.tomcat.util.net.NioEndpoint$SocketProcessor.doRun(NioEndpoint.java:1415)\r\n	at org.apache.tomcat.util.net.SocketProcessorBase.run(SocketProcessorBase.java:49)\r\n	at java.util.concurrent.ThreadPoolExecutor.runWorker(ThreadPoolExecutor.java:1142)\r\n	at java.util.concurrent.ThreadPoolExecutor$Worker.run(ThreadPoolExecutor.java:617)\r\n	at org.apache.tomcat.util.threads.TaskThread$WrappingRunnable.run(TaskThread.java:61)\r\n	at java.lang.Thread.run(Thread.java:748)\r\n', 'ERROR', 'me.zhengjie.modules.security.rest.AuthenticationController.login()', '{ authorizationUser: {username=admin, password= ******} }', '127.0.0.1', '12', 'admin', '内网IP');
INSERT INTO `log` VALUES ('14550', '2019-10-16 18:08:03', '用户登录', null, 'INFO', 'me.zhengjie.modules.security.rest.AuthenticationController.login()', '{ authorizationUser: {username=admin, password= ******} }', '127.0.0.1', '505', 'admin', '内网IP');
INSERT INTO `log` VALUES ('14551', '2019-10-16 18:13:55', '部门详情', null, 'INFO', 'com.chuansen.modules.system.controller.DeptController.getDepts()', '{criteria:DeptQueryCriteria(ids=[], name=null, enabled=null, pid=null)}', '127.0.0.1', '196', 'admin', '内网IP');
INSERT INTO `log` VALUES ('14552', '2019-10-16 18:13:55', '查询字典详情', null, 'INFO', 'com.chuansen.modules.system.controller.DictDetailController.getDictDetail()', '{criteria:DictDetailQueryCriteria(label=null, dictName=user_status)pageable:Page request [number: 0, size 2000, sort: sort: ASC]}', '127.0.0.1', '81', 'admin', '内网IP');
INSERT INTO `log` VALUES ('14553', '2019-10-16 18:13:55', '查询用户', null, 'INFO', 'com.chuansen.modules.system.controller.UserController.getUsers()', '{criteria:UserQueryCriteria(id=null, deptIds=[], blurry=null, enabled=null, deptId=null)pageable:Page request [number: 0, size 10, sort: id: DESC]}', '127.0.0.1', '117', 'admin', '内网IP');
INSERT INTO `log` VALUES ('14554', '2019-10-16 18:13:58', '返回所有菜单', null, 'INFO', 'com.chuansen.modules.system.controller.MenuController.getMenuTree()', '{}', '127.0.0.1', '72', 'admin', '内网IP');
INSERT INTO `log` VALUES ('14555', '2019-10-16 18:13:58', '查询角色', null, 'INFO', 'com.chuansen.modules.system.controller.RoleController.getRoles()', '{criteria:RoleQueryCriteria(blurry=null)pageable:Page request [number: 0, size 10, sort: level: ASC]}', '127.0.0.1', '119', 'admin', '内网IP');
INSERT INTO `log` VALUES ('14556', '2019-10-16 18:13:58', '返回全部的权限，新增角色时下拉选择', null, 'INFO', 'com.chuansen.modules.system.controller.PermissionController.getAll()', '{}', '127.0.0.1', '214', 'admin', '内网IP');
INSERT INTO `log` VALUES ('14557', '2019-10-16 18:13:59', '部门详情', null, 'INFO', 'com.chuansen.modules.system.controller.DeptController.getDepts()', '{criteria:DeptQueryCriteria(ids=[], name=null, enabled=null, pid=null)}', '127.0.0.1', '50', 'admin', '内网IP');
INSERT INTO `log` VALUES ('14558', '2019-10-16 18:13:59', '查询字典详情', null, 'INFO', 'com.chuansen.modules.system.controller.DictDetailController.getDictDetail()', '{criteria:DictDetailQueryCriteria(label=null, dictName=user_status)pageable:Page request [number: 0, size 2000, sort: sort: ASC]}', '127.0.0.1', '10', 'admin', '内网IP');
INSERT INTO `log` VALUES ('14559', '2019-10-16 18:13:59', '查询用户', null, 'INFO', 'com.chuansen.modules.system.controller.UserController.getUsers()', '{criteria:UserQueryCriteria(id=null, deptIds=[], blurry=null, enabled=null, deptId=null)pageable:Page request [number: 0, size 10, sort: id: DESC]}', '127.0.0.1', '46', 'admin', '内网IP');
INSERT INTO `log` VALUES ('14560', '2019-10-16 18:14:01', '返回所有菜单', null, 'INFO', 'com.chuansen.modules.system.controller.MenuController.getMenuTree()', '{}', '127.0.0.1', '56', 'admin', '内网IP');
INSERT INTO `log` VALUES ('14561', '2019-10-16 18:14:01', '查询角色', null, 'INFO', 'com.chuansen.modules.system.controller.RoleController.getRoles()', '{criteria:RoleQueryCriteria(blurry=null)pageable:Page request [number: 0, size 10, sort: level: ASC]}', '127.0.0.1', '35', 'admin', '内网IP');
INSERT INTO `log` VALUES ('14562', '2019-10-16 18:14:01', '返回全部的权限，新增角色时下拉选择', null, 'INFO', 'com.chuansen.modules.system.controller.PermissionController.getAll()', '{}', '127.0.0.1', '99', 'admin', '内网IP');
INSERT INTO `log` VALUES ('14563', '2019-10-16 18:16:24', '修改密码', 'com.chuansen.exception.BadRequestException: 新密码不能与旧密码相同\r\n	at com.chuansen.modules.system.controller.UserController.updatePassWord(UserController.java:125)\r\n	at com.chuansen.modules.system.controller.UserController$$FastClassBySpringCGLIB$$13d41883.invoke(<generated>)\r\n	at org.springframework.cglib.proxy.MethodProxy.invoke(MethodProxy.java:218)\r\n	at org.springframework.aop.framework.CglibAopProxy$CglibMethodInvocation.invokeJoinpoint(CglibAopProxy.java:749)\r\n	at org.springframework.aop.framework.ReflectiveMethodInvocation.proceed(ReflectiveMethodInvocation.java:163)\r\n	at org.springframework.aop.aspectj.MethodInvocationProceedingJoinPoint.proceed(MethodInvocationProceedingJoinPoint.java:88)\r\n	at com.chuansen.aspect.LogAspect.logAround(LogAspect.java:45)\r\n	at sun.reflect.NativeMethodAccessorImpl.invoke0(Native Method)\r\n	at sun.reflect.NativeMethodAccessorImpl.invoke(NativeMethodAccessorImpl.java:62)\r\n	at sun.reflect.DelegatingMethodAccessorImpl.invoke(DelegatingMethodAccessorImpl.java:43)\r\n	at java.lang.reflect.Method.invoke(Method.java:498)\r\n	at org.springframework.aop.aspectj.AbstractAspectJAdvice.invokeAdviceMethodWithGivenArgs(AbstractAspectJAdvice.java:644)\r\n	at org.springframework.aop.aspectj.AbstractAspectJAdvice.invokeAdviceMethod(AbstractAspectJAdvice.java:633)\r\n	at org.springframework.aop.aspectj.AspectJAroundAdvice.invoke(AspectJAroundAdvice.java:70)\r\n	at org.springframework.aop.framework.ReflectiveMethodInvocation.proceed(ReflectiveMethodInvocation.java:175)\r\n	at org.springframework.aop.aspectj.AspectJAfterThrowingAdvice.invoke(AspectJAfterThrowingAdvice.java:62)\r\n	at org.springframework.aop.framework.ReflectiveMethodInvocation.proceed(ReflectiveMethodInvocation.java:175)\r\n	at org.springframework.aop.interceptor.ExposeInvocationInterceptor.invoke(ExposeInvocationInterceptor.java:93)\r\n	at org.springframework.aop.framework.ReflectiveMethodInvocation.proceed(ReflectiveMethodInvocation.java:186)\r\n	at org.springframework.aop.framework.CglibAopProxy$DynamicAdvisedInterceptor.intercept(CglibAopProxy.java:688)\r\n	at com.chuansen.modules.system.controller.UserController$$EnhancerBySpringCGLIB$$61dba085.updatePassWord(<generated>)\r\n	at sun.reflect.NativeMethodAccessorImpl.invoke0(Native Method)\r\n	at sun.reflect.NativeMethodAccessorImpl.invoke(NativeMethodAccessorImpl.java:62)\r\n	at sun.reflect.DelegatingMethodAccessorImpl.invoke(DelegatingMethodAccessorImpl.java:43)\r\n	at java.lang.reflect.Method.invoke(Method.java:498)\r\n	at org.springframework.web.method.support.InvocableHandlerMethod.doInvoke(InvocableHandlerMethod.java:190)\r\n	at org.springframework.web.method.support.InvocableHandlerMethod.invokeForRequest(InvocableHandlerMethod.java:138)\r\n	at org.springframework.web.servlet.mvc.method.annotation.ServletInvocableHandlerMethod.invokeAndHandle(ServletInvocableHandlerMethod.java:104)\r\n	at org.springframework.web.servlet.mvc.method.annotation.RequestMappingHandlerAdapter.invokeHandlerMethod(RequestMappingHandlerAdapter.java:892)\r\n	at org.springframework.web.servlet.mvc.method.annotation.RequestMappingHandlerAdapter.handleInternal(RequestMappingHandlerAdapter.java:797)\r\n	at org.springframework.web.servlet.mvc.method.AbstractHandlerMethodAdapter.handle(AbstractHandlerMethodAdapter.java:87)\r\n	at org.springframework.web.servlet.DispatcherServlet.doDispatch(DispatcherServlet.java:1039)\r\n	at org.springframework.web.servlet.DispatcherServlet.doService(DispatcherServlet.java:942)\r\n	at org.springframework.web.servlet.FrameworkServlet.processRequest(FrameworkServlet.java:1005)\r\n	at org.springframework.web.servlet.FrameworkServlet.doPost(FrameworkServlet.java:908)\r\n	at javax.servlet.http.HttpServlet.service(HttpServlet.java:660)\r\n	at org.springframework.web.servlet.FrameworkServlet.service(FrameworkServlet.java:882)\r\n	at javax.servlet.http.HttpServlet.service(HttpServlet.java:741)\r\n	at org.apache.catalina.core.ApplicationFilterChain.internalDoFilter(ApplicationFilterChain.java:231)\r\n	at org.apache.catalina.core.ApplicationFilterChain.doFilter(ApplicationFilterChain.java:166)\r\n	at org.apache.tomcat.websocket.server.WsFilter.doFilter(WsFilter.java:53)\r\n	at org.apache.catalina.core.ApplicationFilterChain.internalDoFilter(ApplicationFilterChain.java:193)\r\n	at org.apache.catalina.core.ApplicationFilterChain.doFilter(ApplicationFilterChain.java:166)\r\n	at org.springframework.web.filter.OncePerRequestFilter.doFilter(OncePerRequestFilter.java:112)\r\n	at org.apache.catalina.core.ApplicationFilterChain.internalDoFilter(ApplicationFilterChain.java:193)\r\n	at org.apache.catalina.core.ApplicationFilterChain.doFilter(ApplicationFilterChain.java:166)\r\n	at com.alibaba.druid.support.http.WebStatFilter.doFilter(WebStatFilter.java:123)\r\n	at org.apache.catalina.core.ApplicationFilterChain.internalDoFilter(ApplicationFilterChain.java:193)\r\n	at org.apache.catalina.core.ApplicationFilterChain.doFilter(ApplicationFilterChain.java:166)\r\n	at org.springframework.security.web.FilterChainProxy$VirtualFilterChain.doFilter(FilterChainProxy.java:320)\r\n	at org.springframework.security.web.access.intercept.FilterSecurityInterceptor.invoke(FilterSecurityInterceptor.java:127)\r\n	at org.springframework.security.web.access.intercept.FilterSecurityInterceptor.doFilter(FilterSecurityInterceptor.java:91)\r\n	at org.springframework.security.web.FilterChainProxy$VirtualFilterChain.doFilter(FilterChainProxy.java:334)\r\n	at org.springframework.security.web.access.ExceptionTranslationFilter.doFilter(ExceptionTranslationFilter.java:119)\r\n	at org.springframework.security.web.FilterChainProxy$VirtualFilterChain.doFilter(FilterChainProxy.java:334)\r\n	at org.springframework.security.web.session.SessionManagementFilter.doFilter(SessionManagementFilter.java:137)\r\n	at org.springframework.security.web.FilterChainProxy$VirtualFilterChain.doFilter(FilterChainProxy.java:334)\r\n	at org.springframework.security.web.authentication.AnonymousAuthenticationFilter.doFilter(AnonymousAuthenticationFilter.java:111)\r\n	at org.springframework.security.web.FilterChainProxy$VirtualFilterChain.doFilter(FilterChainProxy.java:334)\r\n	at org.springframework.security.web.servletapi.SecurityContextHolderAwareRequestFilter.doFilter(SecurityContextHolderAwareRequestFilter.java:170)\r\n	at org.springframework.security.web.FilterChainProxy$VirtualFilterChain.doFilter(FilterChainProxy.java:334)\r\n	at org.springframework.security.web.savedrequest.RequestCacheAwareFilter.doFilter(RequestCacheAwareFilter.java:63)\r\n	at org.springframework.security.web.FilterChainProxy$VirtualFilterChain.doFilter(FilterChainProxy.java:334)\r\n	at com.chuansen.modules.security.security.JwtAuthorizationTokenFilter.doFilterInternal(JwtAuthorizationTokenFilter.java:63)\r\n	at org.springframework.web.filter.OncePerRequestFilter.doFilter(OncePerRequestFilter.java:118)\r\n	at org.springframework.security.web.FilterChainProxy$VirtualFilterChain.doFilter(FilterChainProxy.java:334)\r\n	at org.springframework.security.web.authentication.logout.LogoutFilter.doFilter(LogoutFilter.java:116)\r\n	at org.springframework.security.web.FilterChainProxy$VirtualFilterChain.doFilter(FilterChainProxy.java:334)\r\n	at org.springframework.security.web.header.HeaderWriterFilter.doFilterInternal(HeaderWriterFilter.java:74)\r\n	at org.springframework.web.filter.OncePerRequestFilter.doFilter(OncePerRequestFilter.java:118)\r\n	at org.springframework.security.web.FilterChainProxy$VirtualFilterChain.doFilter(FilterChainProxy.java:334)\r\n	at org.springframework.security.web.context.SecurityContextPersistenceFilter.doFilter(SecurityContextPersistenceFilter.java:105)\r\n	at org.springframework.security.web.FilterChainProxy$VirtualFilterChain.doFilter(FilterChainProxy.java:334)\r\n	at org.springframework.security.web.context.request.async.WebAsyncManagerIntegrationFilter.doFilterInternal(WebAsyncManagerIntegrationFilter.java:56)\r\n	at org.springframework.web.filter.OncePerRequestFilter.doFilter(OncePerRequestFilter.java:118)\r\n	at org.springframework.security.web.FilterChainProxy$VirtualFilterChain.doFilter(FilterChainProxy.java:334)\r\n	at org.springframework.security.web.FilterChainProxy.doFilterInternal(FilterChainProxy.java:215)\r\n	at org.springframework.security.web.FilterChainProxy.doFilter(FilterChainProxy.java:178)\r\n	at org.springframework.web.filter.DelegatingFilterProxy.invokeDelegate(DelegatingFilterProxy.java:357)\r\n	at org.springframework.web.filter.DelegatingFilterProxy.doFilter(DelegatingFilterProxy.java:270)\r\n	at org.apache.catalina.core.ApplicationFilterChain.internalDoFilter(ApplicationFilterChain.java:193)\r\n	at org.apache.catalina.core.ApplicationFilterChain.doFilter(ApplicationFilterChain.java:166)\r\n	at org.springframework.web.filter.CharacterEncodingFilter.doFilterInternal(CharacterEncodingFilter.java:200)\r\n	at org.springframework.web.filter.OncePerRequestFilter.doFilter(OncePerRequestFilter.java:118)\r\n	at org.apache.catalina.core.ApplicationFilterChain.internalDoFilter(ApplicationFilterChain.java:193)\r\n	at org.apache.catalina.core.ApplicationFilterChain.doFilter(ApplicationFilterChain.java:166)\r\n	at org.apache.catalina.core.StandardWrapperValve.invoke(StandardWrapperValve.java:202)\r\n	at org.apache.catalina.core.StandardContextValve.invoke(StandardContextValve.java:96)\r\n	at org.apache.catalina.authenticator.AuthenticatorBase.invoke(AuthenticatorBase.java:526)\r\n	at org.apache.catalina.core.StandardHostValve.invoke(StandardHostValve.java:139)\r\n	at org.apache.catalina.valves.ErrorReportValve.invoke(ErrorReportValve.java:92)\r\n	at org.apache.catalina.core.StandardEngineValve.invoke(StandardEngineValve.java:74)\r\n	at org.apache.catalina.connector.CoyoteAdapter.service(CoyoteAdapter.java:343)\r\n	at org.apache.coyote.http11.Http11Processor.service(Http11Processor.java:408)\r\n	at org.apache.coyote.AbstractProcessorLight.process(AbstractProcessorLight.java:66)\r\n	at org.apache.coyote.AbstractProtocol$ConnectionHandler.process(AbstractProtocol.java:860)\r\n	at org.apache.tomcat.util.net.NioEndpoint$SocketProcessor.doRun(NioEndpoint.java:1587)\r\n	at org.apache.tomcat.util.net.SocketProcessorBase.run(SocketProcessorBase.java:49)\r\n	at java.util.concurrent.ThreadPoolExecutor.runWorker(ThreadPoolExecutor.java:1142)\r\n	at java.util.concurrent.ThreadPoolExecutor$Worker.run(ThreadPoolExecutor.java:617)\r\n	at org.apache.tomcat.util.threads.TaskThread$WrappingRunnable.run(TaskThread.java:61)\r\n	at java.lang.Thread.run(Thread.java:748)\r\n', 'ERROR', 'com.chuansen.modules.system.controller.UserController.updatePassWord()', '{user:UserPassVo(oldPass=123456, newPass=123456)}', '127.0.0.1', '4', 'admin', '内网IP');
INSERT INTO `log` VALUES ('14564', '2019-10-16 18:16:32', '修改密码', null, 'INFO', 'com.chuansen.modules.system.controller.UserController.updatePassWord()', '{user:UserPassVo(oldPass=123456, newPass=123456.)}', '127.0.0.1', '44', 'admin', '内网IP');
INSERT INTO `log` VALUES ('14565', '2019-10-16 18:34:52', '查询字典详情', null, 'INFO', 'com.chuansen.modules.system.controller.DictDetailController.getDictDetail()', '{criteria:DictDetailQueryCriteria(label=null, dictName=user_status)pageable:Page request [number: 0, size 2000, sort: sort: ASC]}', '127.0.0.1', '109', 'admin', '内网IP');
INSERT INTO `log` VALUES ('14566', '2019-10-16 18:34:52', '部门详情', null, 'INFO', 'com.chuansen.modules.system.controller.DeptController.getDepts()', '{criteria:DeptQueryCriteria(ids=[], name=null, enabled=null, pid=null)}', '127.0.0.1', '192', 'admin', '内网IP');
INSERT INTO `log` VALUES ('14567', '2019-10-16 18:34:52', '查询用户', null, 'INFO', 'com.chuansen.modules.system.controller.UserController.getUsers()', '{criteria:UserQueryCriteria(id=null, deptIds=[], blurry=null, enabled=null, deptId=null)pageable:Page request [number: 0, size 10, sort: id: DESC]}', '127.0.0.1', '123', 'admin', '内网IP');
INSERT INTO `log` VALUES ('14568', '2019-10-16 18:34:53', '返回全部的权限，新增角色时下拉选择', null, 'INFO', 'com.chuansen.modules.system.controller.PermissionController.getAll()', '{}', '127.0.0.1', '171', 'admin', '内网IP');
INSERT INTO `log` VALUES ('14569', '2019-10-16 18:34:53', '返回所有菜单', null, 'INFO', 'com.chuansen.modules.system.controller.MenuController.getMenuTree()', '{}', '127.0.0.1', '41', 'admin', '内网IP');
INSERT INTO `log` VALUES ('14570', '2019-10-16 18:34:53', '查询角色', null, 'INFO', 'com.chuansen.modules.system.controller.RoleController.getRoles()', '{criteria:RoleQueryCriteria(blurry=null)pageable:Page request [number: 0, size 10, sort: level: ASC]}', '127.0.0.1', '61', 'admin', '内网IP');
INSERT INTO `log` VALUES ('14571', '2019-10-16 18:34:56', '查询字典详情', null, 'INFO', 'com.chuansen.modules.system.controller.DictDetailController.getDictDetail()', '{criteria:DictDetailQueryCriteria(label=null, dictName=user_status)pageable:Page request [number: 0, size 2000, sort: sort: ASC]}', '127.0.0.1', '11', 'admin', '内网IP');
INSERT INTO `log` VALUES ('14572', '2019-10-16 18:34:56', '部门详情', null, 'INFO', 'com.chuansen.modules.system.controller.DeptController.getDepts()', '{criteria:DeptQueryCriteria(ids=[], name=null, enabled=null, pid=null)}', '127.0.0.1', '14', 'admin', '内网IP');
INSERT INTO `log` VALUES ('14573', '2019-10-16 18:34:56', '查询用户', null, 'INFO', 'com.chuansen.modules.system.controller.UserController.getUsers()', '{criteria:UserQueryCriteria(id=null, deptIds=[], blurry=null, enabled=null, deptId=null)pageable:Page request [number: 0, size 10, sort: id: DESC]}', '127.0.0.1', '56', 'admin', '内网IP');
INSERT INTO `log` VALUES ('14574', '2019-10-16 18:34:58', '查询权限', null, 'INFO', 'com.chuansen.modules.system.controller.PermissionController.getPermissions()', '{criteria:PermissionQueryCriteria(blurry=null)}', '127.0.0.1', '22', 'admin', '内网IP');
INSERT INTO `log` VALUES ('14575', '2019-10-16 18:35:01', '查询菜单', null, 'INFO', 'com.chuansen.modules.system.controller.MenuController.getMenus()', '{criteria:MenuQueryCriteria(blurry=null)}', '127.0.0.1', '13', 'admin', '内网IP');
INSERT INTO `log` VALUES ('14576', '2019-10-16 18:35:04', '查询字典详情', null, 'INFO', 'com.chuansen.modules.system.controller.DictDetailController.getDictDetail()', '{criteria:DictDetailQueryCriteria(label=null, dictName=dept_status)pageable:Page request [number: 0, size 2000, sort: sort: ASC]}', '127.0.0.1', '7', 'admin', '内网IP');
INSERT INTO `log` VALUES ('14577', '2019-10-16 18:35:04', '部门详情', null, 'INFO', 'com.chuansen.modules.system.controller.DeptController.getDepts()', '{criteria:DeptQueryCriteria(ids=[], name=null, enabled=null, pid=null)}', '127.0.0.1', '33', 'admin', '内网IP');
INSERT INTO `log` VALUES ('14578', '2019-10-16 18:35:06', '查询字典详情', null, 'INFO', 'com.chuansen.modules.system.controller.DictDetailController.getDictDetail()', '{criteria:DictDetailQueryCriteria(label=null, dictName=job_status)pageable:Page request [number: 0, size 2000, sort: sort: ASC]}', '127.0.0.1', '6', 'admin', '内网IP');
INSERT INTO `log` VALUES ('14579', '2019-10-16 18:35:07', '查询岗位', null, 'INFO', 'com.chuansen.modules.system.controller.JobController.getJobs()', '{criteria:JobQueryCriteria(name=null, enabled=null, deptId=null, deptIds=[])pageable:Page request [number: 0, size 10, sort: sort: ASC]}', '127.0.0.1', '67', 'admin', '内网IP');
INSERT INTO `log` VALUES ('14580', '2019-10-16 18:35:08', '查询字典', null, 'INFO', 'com.chuansen.modules.system.controller.DictController.getDicts()', '{criteria:DictQueryCriteria(blurry=null)pageable:Page request [number: 0, size 10, sort: id: DESC]}', '127.0.0.1', '43', 'admin', '内网IP');
INSERT INTO `log` VALUES ('14581', '2019-10-16 18:35:11', '查询字典详情', null, 'INFO', 'com.chuansen.modules.system.controller.DictDetailController.getDictDetail()', '{criteria:DictDetailQueryCriteria(label=null, dictName=job_status)pageable:Page request [number: 0, size 10, sort: sort: ASC]}', '127.0.0.1', '4', 'admin', '内网IP');
INSERT INTO `log` VALUES ('14582', '2019-10-16 18:35:11', '查询字典详情', null, 'INFO', 'com.chuansen.modules.system.controller.DictDetailController.getDictDetail()', '{criteria:DictDetailQueryCriteria(label=null, dictName=dept_status)pageable:Page request [number: 0, size 10, sort: sort: ASC]}', '127.0.0.1', '5', 'admin', '内网IP');
INSERT INTO `log` VALUES ('14583', '2019-10-16 18:35:13', '查询字典详情', null, 'INFO', 'com.chuansen.modules.system.controller.DictDetailController.getDictDetail()', '{criteria:DictDetailQueryCriteria(label=null, dictName=user_status)pageable:Page request [number: 0, size 10, sort: sort: ASC]}', '127.0.0.1', '5', 'admin', '内网IP');
INSERT INTO `log` VALUES ('14584', '2019-10-16 18:35:22', '日志查询', null, 'INFO', 'com.chuansen.controller.LogController.getLogs()', '{criteria:LogQueryCriteria(blurry=null, logType=Info)pageable:Page request [number: 0, size 10, sort: id: DESC]}', '127.0.0.1', '35', 'admin', '内网IP');
INSERT INTO `log` VALUES ('14585', '2019-10-16 18:35:24', '异常查询', null, 'INFO', 'com.chuansen.controller.LogController.getErrorLogs()', '{criteria:LogQueryCriteria(blurry=null, logType=ERROR)pageable:Page request [number: 0, size 10, sort: id: DESC]}', '127.0.0.1', '55', 'admin', '内网IP');
INSERT INTO `log` VALUES ('14586', '2019-10-16 18:40:21', '查询Redis缓存', null, 'INFO', 'com.chuansen.modules.monitor.controller.RedisController.getRedis()', '{key:*pageable:Page request [number: 0, size 10, sort: UNSORTED]}', '127.0.0.1', '816', 'admin', '内网IP');
INSERT INTO `log` VALUES ('14587', '2019-10-16 18:40:30', '查询Redis缓存', null, 'INFO', 'com.chuansen.modules.monitor.controller.RedisController.getRedis()', '{key:*pageable:Page request [number: 0, size 10, sort: UNSORTED]}', '127.0.0.1', '8', 'admin', '内网IP');
INSERT INTO `log` VALUES ('14588', '2019-10-16 18:42:12', '查询菜单', null, 'INFO', 'com.chuansen.modules.system.controller.MenuController.getMenus()', '{criteria:MenuQueryCriteria(blurry=null)}', '127.0.0.1', '38', 'admin', '内网IP');
INSERT INTO `log` VALUES ('14589', '2019-10-16 18:42:16', '查询菜单', null, 'INFO', 'com.chuansen.modules.system.controller.MenuController.getMenus()', '{criteria:MenuQueryCriteria(blurry=null)}', '127.0.0.1', '20', 'admin', '内网IP');
INSERT INTO `log` VALUES ('14590', '2019-10-16 18:42:23', '删除菜单', null, 'INFO', 'com.chuansen.modules.system.controller.MenuController.delete()', '{id:36}', '127.0.0.1', '360', 'admin', '内网IP');
INSERT INTO `log` VALUES ('14591', '2019-10-16 18:42:23', '查询菜单', null, 'INFO', 'com.chuansen.modules.system.controller.MenuController.getMenus()', '{criteria:MenuQueryCriteria(blurry=null)}', '127.0.0.1', '7', 'admin', '内网IP');
INSERT INTO `log` VALUES ('14592', '2019-10-16 18:42:28', '查询菜单', null, 'INFO', 'com.chuansen.modules.system.controller.MenuController.getMenus()', '{criteria:MenuQueryCriteria(blurry=null)}', '127.0.0.1', '7', 'admin', '内网IP');
INSERT INTO `log` VALUES ('14593', '2019-10-16 18:44:09', '查询菜单', null, 'INFO', 'com.chuansen.modules.system.controller.MenuController.getMenus()', '{criteria:MenuQueryCriteria(blurry=null)}', '127.0.0.1', '14', 'admin', '内网IP');
INSERT INTO `log` VALUES ('14594', '2019-10-16 18:44:14', '部门详情', null, 'INFO', 'com.chuansen.modules.system.controller.DeptController.getDepts()', '{criteria:DeptQueryCriteria(ids=[], name=null, enabled=null, pid=null)}', '127.0.0.1', '65', 'admin', '内网IP');
INSERT INTO `log` VALUES ('14595', '2019-10-16 18:44:14', '查询字典详情', null, 'INFO', 'com.chuansen.modules.system.controller.DictDetailController.getDictDetail()', '{criteria:DictDetailQueryCriteria(label=null, dictName=user_status)pageable:Page request [number: 0, size 2000, sort: sort: ASC]}', '127.0.0.1', '82', 'admin', '内网IP');
INSERT INTO `log` VALUES ('14596', '2019-10-16 18:44:15', '查询用户', null, 'INFO', 'com.chuansen.modules.system.controller.UserController.getUsers()', '{criteria:UserQueryCriteria(id=null, deptIds=[], blurry=null, enabled=null, deptId=null)pageable:Page request [number: 0, size 10, sort: id: DESC]}', '127.0.0.1', '50', 'admin', '内网IP');
INSERT INTO `log` VALUES ('14597', '2019-10-16 18:44:17', '返回所有菜单', null, 'INFO', 'com.chuansen.modules.system.controller.MenuController.getMenuTree()', '{}', '127.0.0.1', '68', 'admin', '内网IP');
INSERT INTO `log` VALUES ('14598', '2019-10-16 18:44:17', '查询角色', null, 'INFO', 'com.chuansen.modules.system.controller.RoleController.getRoles()', '{criteria:RoleQueryCriteria(blurry=null)pageable:Page request [number: 0, size 10, sort: level: ASC]}', '127.0.0.1', '40', 'admin', '内网IP');
INSERT INTO `log` VALUES ('14599', '2019-10-16 18:44:17', '返回全部的权限，新增角色时下拉选择', null, 'INFO', 'com.chuansen.modules.system.controller.PermissionController.getAll()', '{}', '127.0.0.1', '127', 'admin', '内网IP');
INSERT INTO `log` VALUES ('14600', '2019-10-16 18:44:26', '修改角色权限分配', null, 'INFO', 'com.chuansen.modules.system.controller.RoleController.updatePermission()', '{role:Role{id=1, name=\'null\', remark=\'null\', createDateTime=null}}', '127.0.0.1', '136', 'admin', '内网IP');
INSERT INTO `log` VALUES ('14601', '2019-10-16 18:44:26', '获取单个角色', null, 'INFO', 'com.chuansen.modules.system.controller.RoleController.getRoles()', '{id:1}', '127.0.0.1', '9', 'admin', '内网IP');
INSERT INTO `log` VALUES ('14602', '2019-10-16 18:44:38', '查询权限', null, 'INFO', 'com.chuansen.modules.system.controller.PermissionController.getPermissions()', '{criteria:PermissionQueryCriteria(blurry=null)}', '127.0.0.1', '12', 'admin', '内网IP');
INSERT INTO `log` VALUES ('14603', '2019-10-16 18:44:42', '查询菜单', null, 'INFO', 'com.chuansen.modules.system.controller.MenuController.getMenus()', '{criteria:MenuQueryCriteria(blurry=null)}', '127.0.0.1', '7', 'admin', '内网IP');
INSERT INTO `log` VALUES ('14604', '2019-10-16 18:49:30', '部门详情', null, 'INFO', 'com.chuansen.modules.system.controller.DeptController.getDepts()', '{criteria:DeptQueryCriteria(ids=[], name=null, enabled=null, pid=null)}', '127.0.0.1', '146', 'admin', '内网IP');
INSERT INTO `log` VALUES ('14605', '2019-10-16 18:49:30', '查询字典详情', null, 'INFO', 'com.chuansen.modules.system.controller.DictDetailController.getDictDetail()', '{criteria:DictDetailQueryCriteria(label=null, dictName=user_status)pageable:Page request [number: 0, size 2000, sort: sort: ASC]}', '127.0.0.1', '51', 'admin', '内网IP');
INSERT INTO `log` VALUES ('14606', '2019-10-16 18:49:30', '查询用户', null, 'INFO', 'com.chuansen.modules.system.controller.UserController.getUsers()', '{criteria:UserQueryCriteria(id=null, deptIds=[], blurry=null, enabled=null, deptId=null)pageable:Page request [number: 0, size 10, sort: id: DESC]}', '127.0.0.1', '65', 'admin', '内网IP');
INSERT INTO `log` VALUES ('14607', '2019-10-16 18:49:32', '返回所有菜单', null, 'INFO', 'com.chuansen.modules.system.controller.MenuController.getMenuTree()', '{}', '127.0.0.1', '34', 'admin', '内网IP');
INSERT INTO `log` VALUES ('14608', '2019-10-16 18:49:32', '查询角色', null, 'INFO', 'com.chuansen.modules.system.controller.RoleController.getRoles()', '{criteria:RoleQueryCriteria(blurry=null)pageable:Page request [number: 0, size 10, sort: level: ASC]}', '127.0.0.1', '90', 'admin', '内网IP');
INSERT INTO `log` VALUES ('14609', '2019-10-16 18:49:32', '返回全部的权限，新增角色时下拉选择', null, 'INFO', 'com.chuansen.modules.system.controller.PermissionController.getAll()', '{}', '127.0.0.1', '209', 'admin', '内网IP');
INSERT INTO `log` VALUES ('14610', '2019-10-16 18:49:33', '查询权限', null, 'INFO', 'com.chuansen.modules.system.controller.PermissionController.getPermissions()', '{criteria:PermissionQueryCriteria(blurry=null)}', '127.0.0.1', '17', 'admin', '内网IP');
INSERT INTO `log` VALUES ('14611', '2019-10-16 18:49:37', '查询菜单', null, 'INFO', 'com.chuansen.modules.system.controller.MenuController.getMenus()', '{criteria:MenuQueryCriteria(blurry=null)}', '127.0.0.1', '15', 'admin', '内网IP');
INSERT INTO `log` VALUES ('14612', '2019-10-16 18:49:39', '查询字典详情', null, 'INFO', 'com.chuansen.modules.system.controller.DictDetailController.getDictDetail()', '{criteria:DictDetailQueryCriteria(label=null, dictName=dept_status)pageable:Page request [number: 0, size 2000, sort: sort: ASC]}', '127.0.0.1', '6', 'admin', '内网IP');
INSERT INTO `log` VALUES ('14613', '2019-10-16 18:49:39', '部门详情', null, 'INFO', 'com.chuansen.modules.system.controller.DeptController.getDepts()', '{criteria:DeptQueryCriteria(ids=[], name=null, enabled=null, pid=null)}', '127.0.0.1', '47', 'admin', '内网IP');
INSERT INTO `log` VALUES ('14614', '2019-10-16 18:49:42', '查询字典详情', null, 'INFO', 'com.chuansen.modules.system.controller.DictDetailController.getDictDetail()', '{criteria:DictDetailQueryCriteria(label=null, dictName=job_status)pageable:Page request [number: 0, size 2000, sort: sort: ASC]}', '127.0.0.1', '8', 'admin', '内网IP');
INSERT INTO `log` VALUES ('14615', '2019-10-16 18:49:42', '查询岗位', null, 'INFO', 'com.chuansen.modules.system.controller.JobController.getJobs()', '{criteria:JobQueryCriteria(name=null, enabled=null, deptId=null, deptIds=[])pageable:Page request [number: 0, size 10, sort: sort: ASC]}', '127.0.0.1', '51', 'admin', '内网IP');
INSERT INTO `log` VALUES ('14616', '2019-10-16 18:49:44', '查询字典', null, 'INFO', 'com.chuansen.modules.system.controller.DictController.getDicts()', '{criteria:DictQueryCriteria(blurry=null)pageable:Page request [number: 0, size 10, sort: id: DESC]}', '127.0.0.1', '18', 'admin', '内网IP');
INSERT INTO `log` VALUES ('14617', '2019-10-16 18:49:46', '日志查询', null, 'INFO', 'com.chuansen.controller.LogController.getLogs()', '{criteria:LogQueryCriteria(blurry=null, logType=Info)pageable:Page request [number: 0, size 10, sort: id: DESC]}', '127.0.0.1', '11', 'admin', '内网IP');
INSERT INTO `log` VALUES ('14618', '2019-10-16 18:49:48', '异常查询', null, 'INFO', 'com.chuansen.controller.LogController.getErrorLogs()', '{criteria:LogQueryCriteria(blurry=null, logType=ERROR)pageable:Page request [number: 0, size 10, sort: id: DESC]}', '127.0.0.1', '16', 'admin', '内网IP');
INSERT INTO `log` VALUES ('14619', '2019-10-16 18:49:50', '查询Redis缓存', null, 'INFO', 'com.chuansen.modules.monitor.controller.RedisController.getRedis()', '{key:*pageable:Page request [number: 0, size 10, sort: UNSORTED]}', '127.0.0.1', '806', 'admin', '内网IP');
INSERT INTO `log` VALUES ('14620', '2019-10-16 18:57:07', '部门详情', null, 'INFO', 'com.chuansen.modules.system.controller.DeptController.getDepts()', '{criteria:DeptQueryCriteria(ids=[], name=null, enabled=null, pid=null)}', '127.0.0.1', '218', 'admin', '内网IP');
INSERT INTO `log` VALUES ('14621', '2019-10-16 18:57:07', '查询用户', null, 'INFO', 'com.chuansen.modules.system.controller.UserController.getUsers()', '{criteria:UserQueryCriteria(id=null, deptIds=[], blurry=null, enabled=null, deptId=null)pageable:Page request [number: 0, size 10, sort: id: DESC]}', '127.0.0.1', '155', 'admin', '内网IP');
INSERT INTO `log` VALUES ('14622', '2019-10-16 18:57:07', '查询字典详情', null, 'INFO', 'com.chuansen.modules.system.controller.DictDetailController.getDictDetail()', '{criteria:DictDetailQueryCriteria(label=null, dictName=user_status)pageable:Page request [number: 0, size 2000, sort: sort: ASC]}', '127.0.0.1', '84', 'admin', '内网IP');
INSERT INTO `log` VALUES ('14623', '2019-10-16 18:57:09', '返回全部的权限，新增角色时下拉选择', null, 'INFO', 'com.chuansen.modules.system.controller.PermissionController.getAll()', '{}', '127.0.0.1', '164', 'admin', '内网IP');
INSERT INTO `log` VALUES ('14624', '2019-10-16 18:57:09', '返回所有菜单', null, 'INFO', 'com.chuansen.modules.system.controller.MenuController.getMenuTree()', '{}', '127.0.0.1', '3', 'admin', '内网IP');
INSERT INTO `log` VALUES ('14625', '2019-10-16 18:57:09', '查询角色', null, 'INFO', 'com.chuansen.modules.system.controller.RoleController.getRoles()', '{criteria:RoleQueryCriteria(blurry=null)pageable:Page request [number: 0, size 10, sort: level: ASC]}', '127.0.0.1', '57', 'admin', '内网IP');
INSERT INTO `log` VALUES ('14626', '2019-10-16 18:57:11', '查询权限', null, 'INFO', 'com.chuansen.modules.system.controller.PermissionController.getPermissions()', '{criteria:PermissionQueryCriteria(blurry=null)}', '127.0.0.1', '12', 'admin', '内网IP');
INSERT INTO `log` VALUES ('14627', '2019-10-16 18:57:15', '查询菜单', null, 'INFO', 'com.chuansen.modules.system.controller.MenuController.getMenus()', '{criteria:MenuQueryCriteria(blurry=null)}', '127.0.0.1', '9', 'admin', '内网IP');
INSERT INTO `log` VALUES ('14628', '2019-10-16 18:57:17', '查询字典详情', null, 'INFO', 'com.chuansen.modules.system.controller.DictDetailController.getDictDetail()', '{criteria:DictDetailQueryCriteria(label=null, dictName=dept_status)pageable:Page request [number: 0, size 2000, sort: sort: ASC]}', '127.0.0.1', '7', 'admin', '内网IP');
INSERT INTO `log` VALUES ('14629', '2019-10-16 18:57:17', '部门详情', null, 'INFO', 'com.chuansen.modules.system.controller.DeptController.getDepts()', '{criteria:DeptQueryCriteria(ids=[], name=null, enabled=null, pid=null)}', '127.0.0.1', '42', 'admin', '内网IP');
INSERT INTO `log` VALUES ('14630', '2019-10-16 18:57:19', '查询字典详情', null, 'INFO', 'com.chuansen.modules.system.controller.DictDetailController.getDictDetail()', '{criteria:DictDetailQueryCriteria(label=null, dictName=job_status)pageable:Page request [number: 0, size 2000, sort: sort: ASC]}', '127.0.0.1', '7', 'admin', '内网IP');
INSERT INTO `log` VALUES ('14631', '2019-10-16 18:57:20', '查询岗位', null, 'INFO', 'com.chuansen.modules.system.controller.JobController.getJobs()', '{criteria:JobQueryCriteria(name=null, enabled=null, deptId=null, deptIds=[])pageable:Page request [number: 0, size 10, sort: sort: ASC]}', '127.0.0.1', '54', 'admin', '内网IP');
INSERT INTO `log` VALUES ('14632', '2019-10-16 18:57:21', '查询字典', null, 'INFO', 'com.chuansen.modules.system.controller.DictController.getDicts()', '{criteria:DictQueryCriteria(blurry=null)pageable:Page request [number: 0, size 10, sort: id: DESC]}', '127.0.0.1', '20', 'admin', '内网IP');
INSERT INTO `log` VALUES ('14633', '2019-10-16 18:59:59', '部门详情', null, 'INFO', 'com.chuansen.modules.system.controller.DeptController.getDepts()', '{criteria:DeptQueryCriteria(ids=[], name=null, enabled=null, pid=null)}', '127.0.0.1', '36', 'admin', '内网IP');
INSERT INTO `log` VALUES ('14634', '2019-10-16 19:00:00', '查询字典详情', null, 'INFO', 'com.chuansen.modules.system.controller.DictDetailController.getDictDetail()', '{criteria:DictDetailQueryCriteria(label=null, dictName=user_status)pageable:Page request [number: 0, size 2000, sort: sort: ASC]}', '127.0.0.1', '1', 'admin', '内网IP');
INSERT INTO `log` VALUES ('14635', '2019-10-16 19:00:00', '查询用户', null, 'INFO', 'com.chuansen.modules.system.controller.UserController.getUsers()', '{criteria:UserQueryCriteria(id=null, deptIds=[], blurry=null, enabled=null, deptId=null)pageable:Page request [number: 0, size 10, sort: id: DESC]}', '127.0.0.1', '46', 'admin', '内网IP');

-- ----------------------------
-- Table structure for menu
-- ----------------------------
DROP TABLE IF EXISTS `menu`;
CREATE TABLE `menu` (
  `id` bigint(20) NOT NULL AUTO_INCREMENT COMMENT 'ID',
  `create_time` datetime DEFAULT NULL COMMENT '创建日期',
  `i_frame` bit(1) DEFAULT NULL COMMENT '是否外链',
  `name` varchar(255) DEFAULT NULL COMMENT '菜单名称',
  `component` varchar(255) DEFAULT NULL COMMENT '组件',
  `pid` bigint(20) NOT NULL COMMENT '上级菜单ID',
  `sort` bigint(20) NOT NULL COMMENT '排序',
  `icon` varchar(255) DEFAULT NULL COMMENT '图标',
  `path` varchar(255) DEFAULT NULL COMMENT '链接地址',
  `cache` bit(1) DEFAULT b'0',
  `hidden` bit(1) DEFAULT b'0',
  `component_name` varchar(20) DEFAULT '-',
  PRIMARY KEY (`id`),
  KEY `FKqcf9gem97gqa5qjm4d3elcqt5` (`pid`) USING BTREE
) ENGINE=InnoDB AUTO_INCREMENT=41 DEFAULT CHARSET=utf8;

-- ----------------------------
-- Records of menu
-- ----------------------------
INSERT INTO `menu` VALUES ('1', '2018-12-18 15:11:29', '\0', '系统管理', null, '0', '1', 'system', 'system', '\0', '\0', null);
INSERT INTO `menu` VALUES ('2', '2018-12-18 15:14:44', '\0', '用户管理', 'system/user/index', '1', '2', 'peoples', 'user', '\0', '\0', 'User');
INSERT INTO `menu` VALUES ('3', '2018-12-18 15:16:07', '\0', '角色管理', 'system/role/index', '1', '3', 'role', 'role', '\0', '\0', 'Role');
INSERT INTO `menu` VALUES ('4', '2018-12-18 15:16:45', '\0', '权限管理', 'system/permission/index', '1', '4', 'permission', 'permission', '\0', '\0', 'Permission');
INSERT INTO `menu` VALUES ('5', '2018-12-18 15:17:28', '\0', '菜单管理', 'system/menu/index', '1', '5', 'menu', 'menu', '\0', '\0', 'Menu');
INSERT INTO `menu` VALUES ('6', '2018-12-18 15:17:48', '\0', '系统监控', null, '0', '10', 'monitor', 'monitor', '\0', '\0', null);
INSERT INTO `menu` VALUES ('7', '2018-12-18 15:18:26', '\0', '操作日志', 'monitor/log/index', '6', '11', 'log', 'logs', '', '\0', 'Log');
INSERT INTO `menu` VALUES ('8', '2018-12-18 15:19:01', '\0', '系统缓存', 'monitor/redis/index', '6', '13', 'redis', 'redis', '\0', '\0', 'Redis');
INSERT INTO `menu` VALUES ('9', '2018-12-18 15:19:34', '\0', 'SQL监控', 'monitor/sql/index', '6', '14', 'sqlMonitor', 'druid', '\0', '\0', 'Sql');
INSERT INTO `menu` VALUES ('32', '2019-01-13 13:49:03', '\0', '异常日志', 'monitor/log/errorLog', '6', '12', 'error', 'errorLog', '\0', '\0', 'ErrorLog');
INSERT INTO `menu` VALUES ('35', '2019-03-25 09:46:00', '\0', '部门管理', 'system/dept/index', '1', '6', 'dept', 'dept', '\0', '\0', 'Dept');
INSERT INTO `menu` VALUES ('37', '2019-03-29 13:51:18', '\0', '岗位管理', 'system/job/index', '1', '7', 'Steve-Jobs', 'job', '\0', '\0', 'Job');
INSERT INTO `menu` VALUES ('39', '2019-04-10 11:49:04', '\0', '字典管理', 'system/dict/index', '1', '8', 'dictionary', 'dict', '\0', '\0', 'Dict');

-- ----------------------------
-- Table structure for permission
-- ----------------------------
DROP TABLE IF EXISTS `permission`;
CREATE TABLE `permission` (
  `id` bigint(20) NOT NULL AUTO_INCREMENT COMMENT 'ID',
  `alias` varchar(255) DEFAULT NULL COMMENT '别名',
  `create_time` datetime DEFAULT NULL COMMENT '创建日期',
  `name` varchar(255) DEFAULT NULL COMMENT '名称',
  `pid` int(11) NOT NULL COMMENT '上级权限',
  PRIMARY KEY (`id`)
) ENGINE=InnoDB AUTO_INCREMENT=69 DEFAULT CHARSET=utf8;

-- ----------------------------
-- Records of permission
-- ----------------------------
INSERT INTO `permission` VALUES ('1', '超级管理员', '2018-12-03 12:27:48', 'ADMIN', '0');
INSERT INTO `permission` VALUES ('2', '用户管理', '2018-12-03 12:28:19', 'USER_ALL', '0');
INSERT INTO `permission` VALUES ('3', '用户查询', '2018-12-03 12:31:35', 'USER_SELECT', '2');
INSERT INTO `permission` VALUES ('4', '用户创建', '2018-12-03 12:31:35', 'USER_CREATE', '2');
INSERT INTO `permission` VALUES ('5', '用户编辑', '2018-12-03 12:31:35', 'USER_EDIT', '2');
INSERT INTO `permission` VALUES ('6', '用户删除', '2018-12-03 12:31:35', 'USER_DELETE', '2');
INSERT INTO `permission` VALUES ('7', '角色管理', '2018-12-03 12:28:19', 'ROLES_ALL', '0');
INSERT INTO `permission` VALUES ('8', '角色查询', '2018-12-03 12:31:35', 'ROLES_SELECT', '7');
INSERT INTO `permission` VALUES ('10', '角色创建', '2018-12-09 20:10:16', 'ROLES_CREATE', '7');
INSERT INTO `permission` VALUES ('11', '角色编辑', '2018-12-09 20:10:42', 'ROLES_EDIT', '7');
INSERT INTO `permission` VALUES ('12', '角色删除', '2018-12-09 20:11:07', 'ROLES_DELETE', '7');
INSERT INTO `permission` VALUES ('13', '权限管理', '2018-12-09 20:11:37', 'PERMISSION_ALL', '0');
INSERT INTO `permission` VALUES ('14', '权限查询', '2018-12-09 20:11:55', 'PERMISSION_SELECT', '13');
INSERT INTO `permission` VALUES ('15', '权限创建', '2018-12-09 20:14:10', 'PERMISSION_CREATE', '13');
INSERT INTO `permission` VALUES ('16', '权限编辑', '2018-12-09 20:15:44', 'PERMISSION_EDIT', '13');
INSERT INTO `permission` VALUES ('17', '权限删除', '2018-12-09 20:15:59', 'PERMISSION_DELETE', '13');
INSERT INTO `permission` VALUES ('18', '缓存管理', '2018-12-17 13:53:25', 'REDIS_ALL', '0');
INSERT INTO `permission` VALUES ('20', '缓存查询', '2018-12-17 13:54:07', 'REDIS_SELECT', '18');
INSERT INTO `permission` VALUES ('22', '缓存删除', '2018-12-17 13:55:04', 'REDIS_DELETE', '18');
INSERT INTO `permission` VALUES ('23', '图床管理', '2018-12-27 20:31:49', 'PICTURE_ALL', '0');
INSERT INTO `permission` VALUES ('24', '查询图片', '2018-12-27 20:32:04', 'PICTURE_SELECT', '23');
INSERT INTO `permission` VALUES ('25', '上传图片', '2018-12-27 20:32:24', 'PICTURE_UPLOAD', '23');
INSERT INTO `permission` VALUES ('26', '删除图片', '2018-12-27 20:32:45', 'PICTURE_DELETE', '23');
INSERT INTO `permission` VALUES ('29', '菜单管理', '2018-12-28 17:34:31', 'MENU_ALL', '0');
INSERT INTO `permission` VALUES ('30', '菜单查询', '2018-12-28 17:34:41', 'MENU_SELECT', '29');
INSERT INTO `permission` VALUES ('31', '菜单创建', '2018-12-28 17:34:52', 'MENU_CREATE', '29');
INSERT INTO `permission` VALUES ('32', '菜单编辑', '2018-12-28 17:35:20', 'MENU_EDIT', '29');
INSERT INTO `permission` VALUES ('33', '菜单删除', '2018-12-28 17:35:29', 'MENU_DELETE', '29');
INSERT INTO `permission` VALUES ('35', '定时任务管理', '2019-01-08 14:59:57', 'JOB_ALL', '0');
INSERT INTO `permission` VALUES ('36', '任务查询', '2019-01-08 15:00:09', 'JOB_SELECT', '35');
INSERT INTO `permission` VALUES ('37', '任务创建', '2019-01-08 15:00:20', 'JOB_CREATE', '35');
INSERT INTO `permission` VALUES ('38', '任务编辑', '2019-01-08 15:00:33', 'JOB_EDIT', '35');
INSERT INTO `permission` VALUES ('39', '任务删除', '2019-01-08 15:01:13', 'JOB_DELETE', '35');
INSERT INTO `permission` VALUES ('40', '部门管理', '2019-03-29 17:06:55', 'DEPT_ALL', '0');
INSERT INTO `permission` VALUES ('41', '部门查询', '2019-03-29 17:07:09', 'DEPT_SELECT', '40');
INSERT INTO `permission` VALUES ('42', '部门创建', '2019-03-29 17:07:29', 'DEPT_CREATE', '40');
INSERT INTO `permission` VALUES ('43', '部门编辑', '2019-03-29 17:07:52', 'DEPT_EDIT', '40');
INSERT INTO `permission` VALUES ('44', '部门删除', '2019-03-29 17:08:14', 'DEPT_DELETE', '40');
INSERT INTO `permission` VALUES ('45', '岗位管理', '2019-03-29 17:08:52', 'USERJOB_ALL', '0');
INSERT INTO `permission` VALUES ('46', '岗位查询', '2019-03-29 17:10:27', 'USERJOB_SELECT', '45');
INSERT INTO `permission` VALUES ('47', '岗位创建', '2019-03-29 17:10:55', 'USERJOB_CREATE', '45');
INSERT INTO `permission` VALUES ('48', '岗位编辑', '2019-03-29 17:11:08', 'USERJOB_EDIT', '45');
INSERT INTO `permission` VALUES ('49', '岗位删除', '2019-03-29 17:11:19', 'USERJOB_DELETE', '45');
INSERT INTO `permission` VALUES ('50', '字典管理', '2019-04-10 16:24:51', 'DICT_ALL', '0');
INSERT INTO `permission` VALUES ('51', '字典查询', '2019-04-10 16:25:16', 'DICT_SELECT', '50');
INSERT INTO `permission` VALUES ('52', '字典创建', '2019-04-10 16:25:29', 'DICT_CREATE', '50');
INSERT INTO `permission` VALUES ('53', '字典编辑', '2019-04-10 16:27:19', 'DICT_EDIT', '50');
INSERT INTO `permission` VALUES ('54', '字典删除', '2019-04-10 16:27:30', 'DICT_DELETE', '50');
INSERT INTO `permission` VALUES ('55', '文件管理', '2019-09-08 12:31:54', 'LOCALSTORAGE_ALL', '0');
INSERT INTO `permission` VALUES ('56', '文件搜索', '2019-09-08 12:40:53', 'LOCALSTORAGE_SELECT', '55');
INSERT INTO `permission` VALUES ('57', '文件上传', '2019-09-08 12:41:05', 'LOCALSTORAGE_CREATE', '55');
INSERT INTO `permission` VALUES ('58', '文件编辑', '2019-09-08 12:41:19', 'LOCALSTORAGE_EDIT', '55');
INSERT INTO `permission` VALUES ('59', '文件删除', '2019-09-08 12:41:29', 'LOCALSTORAGE_DELETE', '55');

-- ----------------------------
-- Table structure for role
-- ----------------------------
DROP TABLE IF EXISTS `role`;
CREATE TABLE `role` (
  `id` bigint(20) NOT NULL AUTO_INCREMENT COMMENT 'ID',
  `create_time` datetime DEFAULT NULL COMMENT '创建日期',
  `name` varchar(255) NOT NULL COMMENT '名称',
  `remark` varchar(255) DEFAULT NULL COMMENT '备注',
  `data_scope` varchar(255) DEFAULT NULL,
  `level` int(255) DEFAULT NULL,
  PRIMARY KEY (`id`)
) ENGINE=InnoDB AUTO_INCREMENT=6 DEFAULT CHARSET=utf8;

-- ----------------------------
-- Records of role
-- ----------------------------
INSERT INTO `role` VALUES ('1', '2018-11-23 11:04:37', '超级管理员', '·', '全部', '1');
INSERT INTO `role` VALUES ('2', '2018-11-23 13:09:06', '普通用户', '用于测试菜单与权限', '自定义', '3');
INSERT INTO `role` VALUES ('4', '2019-05-13 14:16:15', '普通管理员', '普通管理员级别为2，使用该角色新增用户时只能赋予比普通管理员级别低的角色', '自定义', '2');

-- ----------------------------
-- Table structure for roles_depts
-- ----------------------------
DROP TABLE IF EXISTS `roles_depts`;
CREATE TABLE `roles_depts` (
  `role_id` bigint(20) NOT NULL,
  `dept_id` bigint(20) NOT NULL,
  PRIMARY KEY (`role_id`,`dept_id`),
  KEY `FK7qg6itn5ajdoa9h9o78v9ksur` (`dept_id`) USING BTREE,
  CONSTRAINT `roles_depts_ibfk_1` FOREIGN KEY (`dept_id`) REFERENCES `dept` (`id`),
  CONSTRAINT `roles_depts_ibfk_2` FOREIGN KEY (`role_id`) REFERENCES `role` (`id`)
) ENGINE=InnoDB DEFAULT CHARSET=utf8;

-- ----------------------------
-- Records of roles_depts
-- ----------------------------
INSERT INTO `roles_depts` VALUES ('2', '5');
INSERT INTO `roles_depts` VALUES ('4', '6');
INSERT INTO `roles_depts` VALUES ('4', '7');
INSERT INTO `roles_depts` VALUES ('2', '8');
INSERT INTO `roles_depts` VALUES ('2', '9');

-- ----------------------------
-- Table structure for roles_menus
-- ----------------------------
DROP TABLE IF EXISTS `roles_menus`;
CREATE TABLE `roles_menus` (
  `menu_id` bigint(20) NOT NULL COMMENT '菜单ID',
  `role_id` bigint(20) NOT NULL COMMENT '角色ID',
  PRIMARY KEY (`menu_id`,`role_id`),
  KEY `FKcngg2qadojhi3a651a5adkvbq` (`role_id`) USING BTREE,
  CONSTRAINT `roles_menus_ibfk_1` FOREIGN KEY (`menu_id`) REFERENCES `menu` (`id`),
  CONSTRAINT `roles_menus_ibfk_2` FOREIGN KEY (`role_id`) REFERENCES `role` (`id`)
) ENGINE=InnoDB DEFAULT CHARSET=utf8;

-- ----------------------------
-- Records of roles_menus
-- ----------------------------
INSERT INTO `roles_menus` VALUES ('1', '1');
INSERT INTO `roles_menus` VALUES ('2', '1');
INSERT INTO `roles_menus` VALUES ('3', '1');
INSERT INTO `roles_menus` VALUES ('4', '1');
INSERT INTO `roles_menus` VALUES ('5', '1');
INSERT INTO `roles_menus` VALUES ('6', '1');
INSERT INTO `roles_menus` VALUES ('7', '1');
INSERT INTO `roles_menus` VALUES ('8', '1');
INSERT INTO `roles_menus` VALUES ('9', '1');
INSERT INTO `roles_menus` VALUES ('32', '1');
INSERT INTO `roles_menus` VALUES ('35', '1');
INSERT INTO `roles_menus` VALUES ('37', '1');
INSERT INTO `roles_menus` VALUES ('39', '1');
INSERT INTO `roles_menus` VALUES ('1', '2');
INSERT INTO `roles_menus` VALUES ('2', '2');
INSERT INTO `roles_menus` VALUES ('3', '2');
INSERT INTO `roles_menus` VALUES ('4', '2');
INSERT INTO `roles_menus` VALUES ('5', '2');
INSERT INTO `roles_menus` VALUES ('6', '2');
INSERT INTO `roles_menus` VALUES ('8', '2');
INSERT INTO `roles_menus` VALUES ('9', '2');
INSERT INTO `roles_menus` VALUES ('35', '2');
INSERT INTO `roles_menus` VALUES ('37', '2');
INSERT INTO `roles_menus` VALUES ('39', '2');
INSERT INTO `roles_menus` VALUES ('1', '4');
INSERT INTO `roles_menus` VALUES ('2', '4');
INSERT INTO `roles_menus` VALUES ('3', '4');
INSERT INTO `roles_menus` VALUES ('4', '4');
INSERT INTO `roles_menus` VALUES ('5', '4');
INSERT INTO `roles_menus` VALUES ('35', '4');
INSERT INTO `roles_menus` VALUES ('37', '4');
INSERT INTO `roles_menus` VALUES ('39', '4');

-- ----------------------------
-- Table structure for roles_permissions
-- ----------------------------
DROP TABLE IF EXISTS `roles_permissions`;
CREATE TABLE `roles_permissions` (
  `role_id` bigint(20) NOT NULL COMMENT '角色ID',
  `permission_id` bigint(20) NOT NULL COMMENT '权限ID',
  PRIMARY KEY (`role_id`,`permission_id`),
  KEY `FKboeuhl31go7wer3bpy6so7exi` (`permission_id`) USING BTREE,
  CONSTRAINT `roles_permissions_ibfk_1` FOREIGN KEY (`role_id`) REFERENCES `role` (`id`),
  CONSTRAINT `roles_permissions_ibfk_2` FOREIGN KEY (`permission_id`) REFERENCES `permission` (`id`)
) ENGINE=InnoDB DEFAULT CHARSET=utf8;

-- ----------------------------
-- Records of roles_permissions
-- ----------------------------
INSERT INTO `roles_permissions` VALUES ('1', '1');
INSERT INTO `roles_permissions` VALUES ('1', '2');
INSERT INTO `roles_permissions` VALUES ('4', '2');
INSERT INTO `roles_permissions` VALUES ('1', '3');
INSERT INTO `roles_permissions` VALUES ('2', '3');
INSERT INTO `roles_permissions` VALUES ('4', '3');
INSERT INTO `roles_permissions` VALUES ('1', '4');
INSERT INTO `roles_permissions` VALUES ('4', '4');
INSERT INTO `roles_permissions` VALUES ('1', '5');
INSERT INTO `roles_permissions` VALUES ('4', '5');
INSERT INTO `roles_permissions` VALUES ('1', '6');
INSERT INTO `roles_permissions` VALUES ('4', '6');
INSERT INTO `roles_permissions` VALUES ('1', '7');
INSERT INTO `roles_permissions` VALUES ('4', '7');
INSERT INTO `roles_permissions` VALUES ('1', '8');
INSERT INTO `roles_permissions` VALUES ('2', '8');
INSERT INTO `roles_permissions` VALUES ('4', '8');
INSERT INTO `roles_permissions` VALUES ('1', '10');
INSERT INTO `roles_permissions` VALUES ('4', '10');
INSERT INTO `roles_permissions` VALUES ('1', '11');
INSERT INTO `roles_permissions` VALUES ('4', '11');
INSERT INTO `roles_permissions` VALUES ('1', '12');
INSERT INTO `roles_permissions` VALUES ('4', '12');
INSERT INTO `roles_permissions` VALUES ('1', '13');
INSERT INTO `roles_permissions` VALUES ('4', '13');
INSERT INTO `roles_permissions` VALUES ('1', '14');
INSERT INTO `roles_permissions` VALUES ('2', '14');
INSERT INTO `roles_permissions` VALUES ('4', '14');
INSERT INTO `roles_permissions` VALUES ('1', '15');
INSERT INTO `roles_permissions` VALUES ('4', '15');
INSERT INTO `roles_permissions` VALUES ('1', '16');
INSERT INTO `roles_permissions` VALUES ('4', '16');
INSERT INTO `roles_permissions` VALUES ('1', '17');
INSERT INTO `roles_permissions` VALUES ('4', '17');
INSERT INTO `roles_permissions` VALUES ('1', '18');
INSERT INTO `roles_permissions` VALUES ('4', '18');
INSERT INTO `roles_permissions` VALUES ('1', '20');
INSERT INTO `roles_permissions` VALUES ('2', '20');
INSERT INTO `roles_permissions` VALUES ('4', '20');
INSERT INTO `roles_permissions` VALUES ('1', '22');
INSERT INTO `roles_permissions` VALUES ('4', '22');
INSERT INTO `roles_permissions` VALUES ('2', '23');
INSERT INTO `roles_permissions` VALUES ('2', '24');
INSERT INTO `roles_permissions` VALUES ('2', '25');
INSERT INTO `roles_permissions` VALUES ('2', '26');
INSERT INTO `roles_permissions` VALUES ('2', '30');
INSERT INTO `roles_permissions` VALUES ('2', '36');
INSERT INTO `roles_permissions` VALUES ('2', '41');
INSERT INTO `roles_permissions` VALUES ('2', '46');
INSERT INTO `roles_permissions` VALUES ('2', '51');

-- ----------------------------
-- Table structure for user
-- ----------------------------
DROP TABLE IF EXISTS `user`;
CREATE TABLE `user` (
  `id` bigint(20) NOT NULL AUTO_INCREMENT COMMENT 'ID',
  `avatar_id` bigint(20) DEFAULT NULL COMMENT '头像',
  `create_time` datetime DEFAULT NULL COMMENT '创建日期',
  `email` varchar(255) DEFAULT NULL COMMENT '邮箱',
  `enabled` bigint(20) DEFAULT NULL COMMENT '状态：1启用、0禁用',
  `password` varchar(255) DEFAULT NULL COMMENT '密码',
  `username` varchar(255) DEFAULT NULL COMMENT '用户名',
  `last_password_reset_time` datetime DEFAULT NULL COMMENT '最后修改密码的日期',
  `dept_id` bigint(20) DEFAULT NULL,
  `phone` varchar(255) DEFAULT NULL,
  `job_id` bigint(20) DEFAULT NULL,
  PRIMARY KEY (`id`),
  UNIQUE KEY `UK_kpubos9gc2cvtkb0thktkbkes` (`email`) USING BTREE,
  UNIQUE KEY `username` (`username`) USING BTREE,
  KEY `FK5rwmryny6jthaaxkogownknqp` (`dept_id`) USING BTREE,
  KEY `FKfftoc2abhot8f2wu6cl9a5iky` (`job_id`) USING BTREE,
  KEY `FKpq2dhypk2qgt68nauh2by22jb` (`avatar_id`) USING BTREE,
  CONSTRAINT `user_ibfk_1` FOREIGN KEY (`dept_id`) REFERENCES `dept` (`id`),
  CONSTRAINT `user_ibfk_2` FOREIGN KEY (`job_id`) REFERENCES `job` (`id`),
  CONSTRAINT `user_ibfk_3` FOREIGN KEY (`avatar_id`) REFERENCES `user_avatar` (`id`)
) ENGINE=InnoDB AUTO_INCREMENT=10 DEFAULT CHARSET=utf8;

-- ----------------------------
-- Records of user
-- ----------------------------
INSERT INTO `user` VALUES ('1', '4', '2018-08-23 09:11:56', 'admin@eladmin.net', '1', 'b5be656a7060dd3525027d6763c33ca0', 'admin', '2019-10-16 18:16:32', '2', '18888888888', '11');
INSERT INTO `user` VALUES ('3', null, '2018-12-27 20:05:26', 'test@eladmin.net', '1', 'e10adc3949ba59abbe56e057f20f883e', 'test', '2019-04-01 09:15:24', '2', '17777777777', '12');
INSERT INTO `user` VALUES ('5', null, '2019-04-02 10:07:12', 'hr@eladmin.net', '1', 'e10adc3949ba59abbe56e057f20f883e', 'hr', null, '11', '15555555555', '8');
INSERT INTO `user` VALUES ('8', null, '2019-10-14 17:34:29', '11@qq.com', '1', 'e10adc3949ba59abbe56e057f20f883e', '11222222', null, '2', '13767499031', '10');
INSERT INTO `user` VALUES ('9', null, '2019-10-15 18:26:01', '110@qq.com', '1', 'e10adc3949ba59abbe56e057f20f883e', '占传森', null, '18', '13767499031', '21');

-- ----------------------------
-- Table structure for users_roles
-- ----------------------------
DROP TABLE IF EXISTS `users_roles`;
CREATE TABLE `users_roles` (
  `user_id` bigint(20) NOT NULL COMMENT '用户ID',
  `role_id` bigint(20) NOT NULL COMMENT '角色ID',
  PRIMARY KEY (`user_id`,`role_id`),
  KEY `FKq4eq273l04bpu4efj0jd0jb98` (`role_id`) USING BTREE,
  CONSTRAINT `users_roles_ibfk_1` FOREIGN KEY (`user_id`) REFERENCES `user` (`id`),
  CONSTRAINT `users_roles_ibfk_2` FOREIGN KEY (`role_id`) REFERENCES `role` (`id`)
) ENGINE=InnoDB DEFAULT CHARSET=utf8;

-- ----------------------------
-- Records of users_roles
-- ----------------------------
INSERT INTO `users_roles` VALUES ('1', '1');
INSERT INTO `users_roles` VALUES ('3', '2');
INSERT INTO `users_roles` VALUES ('8', '2');
INSERT INTO `users_roles` VALUES ('9', '2');
INSERT INTO `users_roles` VALUES ('5', '4');
INSERT INTO `users_roles` VALUES ('9', '4');

-- ----------------------------
-- Table structure for user_avatar
-- ----------------------------
DROP TABLE IF EXISTS `user_avatar`;
CREATE TABLE `user_avatar` (
  `id` bigint(20) NOT NULL AUTO_INCREMENT,
  `real_name` varchar(255) DEFAULT NULL,
  `path` varchar(255) DEFAULT NULL,
  `size` varchar(255) DEFAULT NULL,
  PRIMARY KEY (`id`)
) ENGINE=InnoDB AUTO_INCREMENT=5 DEFAULT CHARSET=utf8;

-- ----------------------------
-- Records of user_avatar
-- ----------------------------
INSERT INTO `user_avatar` VALUES ('1', '前端vue结构-20191016045419967.jpg', 'C:\\eladmin\\avatar\\前端vue结构-20191016045419967.jpg', '134.12KB   ');
INSERT INTO `user_avatar` VALUES ('2', '微信图片_20190909111015-20191016045539890.png', 'C:\\eladmin\\avatar\\微信图片_20190909111015-20191016045539890.png', '64.82KB   ');
INSERT INTO `user_avatar` VALUES ('3', '前端vue结构-20191016045752209.jpg', 'C:\\eladmin\\avatar\\前端vue结构-20191016045752209.jpg', '134.12KB   ');
INSERT INTO `user_avatar` VALUES ('4', '前端vue结构-20191016050003544.jpg', 'C:\\eladmin\\avatar\\前端vue结构-20191016050003544.jpg', '134.12KB   ');
